0:00,82.612,73.6,9.012,51.966,0.122445652,0.105141369
0:00,83.286,73.6,9.686,0.009,0.131603261,
0:03,83.339,73.6,9.739,7.823435262,0.13232337,
0:04,83.328,73.6,9.728,,0.132173913,
0:05,83.394,72.4,10.994,,0.151850829,
0:06,83.5,72.4,11.1,,0.153314917,
0:07,83.448,72.4,11.048,,0.152596685,
0:08,83.389,72.4,10.989,,0.151781768,
0:09,83.339,72.4,10.939,,0.15109116,
0:10,83.197,72.3,10.897,,0.150719225,
0:11,83.039,72.3,10.739,,0.148533887,
0:12,82.927,72.3,10.627,,0.146984786,
0:13,82.83,72.3,10.53,,0.145643154,
0:14,82.734,72.3,10.434,,0.144315353,
0:15,82.698,72.1,10.598,,0.146990291,
0:16,82.405,72.1,10.305,,0.142926491,
0:18,79.57,72.1,7.47,,0.103606103,
0:19,78.906,72.1,6.806,,0.094396671,
0:20,78.586,71.9,6.686,,0.092990264,
0:21,78.233,71.9,6.333,,0.088080668,
0:22,77.87,71.9,5.97,,0.083031989,
0:23,77.785,71.9,5.885,,0.081849791,
0:24,77.612,71.9,5.712,,0.079443672,
0:25,77.56,71.8,5.76,,0.080222841,
0:26,77.81,71.8,6.01,,0.083704735,
0:27,77.89,71.8,6.09,,0.084818942,
0:28,77.867,71.8,6.067,,0.084498607,
0:29,77.826,71.8,6.026,,0.083927577,
0:30,77.976,73.2,4.776,,0.065245902,
0:31,78.208,73.2,5.008,,0.068415301,
0:32,78.203,73.2,5.003,,0.068346995,
0:33,78.13,73.2,4.93,,0.067349727,
0:34,78.156,73.2,4.956,,0.067704918,
0:35,78.464,72.8,5.664,,0.077802198,
0:36,78.712,72.8,5.912,,0.081208791,
0:38,78.656,72.8,5.856,,0.08043956,
0:39,78.63,72.8,5.83,,0.080082418,
0:40,78.543,73.4,5.143,,0.07006812,
0:41,78.493,73.4,5.093,,0.069386921,
0:42,78.565,73.4,5.165,,0.070367847,
0:43,78.609,73.4,5.209,,0.070967302,
0:44,78.908,73.4,5.508,,0.075040872,
0:45,79.008,74.3,4.708,,0.063364738,
0:46,79.261,74.3,4.961,,0.066769852,
0:47,79.454,74.3,5.154,,0.069367429,
0:48,79.539,74.3,5.239,,0.07051144,
0:49,79.605,74.3,5.305,,0.071399731,
0:50,79.691,75,4.691,,0.062546667,
0:51,80.141,75,5.141,,0.068546667,
0:52,80.633,75,5.633,,0.075106667,
0:53,81.175,75,6.175,,0.082333333,
0:54,81.921,75,6.921,,0.09228,
0:55,82.678,75.4,7.278,,0.096525199,
0:57,84.443,75.4,9.043,,0.119933687,
0:58,85.112,75.4,9.712,,0.128806366,
0:59,85.681,75.4,10.281,,0.136352785,
1:00,86.263,75.6,10.663,,0.141044974,
1:01,86.701,75.6,11.101,,0.146838624,
1:02,86.791,75.6,11.191,,0.148029101,
1:03,86.438,75.6,10.838,,0.143359788,
1:04,86.08,75.6,10.48,,0.138624339,
1:05,85.893,75.4,10.493,,0.139164456,
1:06,85.742,75.4,10.342,,0.137161804,
1:07,85.676,75.4,10.276,,0.136286472,
1:08,85.521,75.4,10.121,,0.134230769,
1:09,85.456,75.4,10.056,,0.1333687,
1:10,85.556,75.1,10.456,,0.139227696,
1:11,85.551,75.1,10.451,,0.139161119,
1:12,85.472,75.1,10.372,,0.138109188,
1:14,85.443,75.1,10.343,,0.137723036,
1:15,85.399,75.3,10.099,,0.134116866,
1:16,85.262,75.3,9.962,,0.132297477,
1:17,85.137,75.3,9.837,,0.13063745,
1:18,85.163,75.3,9.863,,0.130982736,
1:19,85.225,75.3,9.925,,0.131806109,
1:20,85.191,75.4,9.791,,0.129854111,
1:21,85.14,75.4,9.74,,0.129177719,
1:22,85.121,75.4,9.721,,0.128925729,
1:23,85.036,75.4,9.636,,0.127798408,
1:24,84.942,75.4,9.542,,0.126551724,
1:25,84.883,76.7,8.183,,0.106688396,
1:26,84.986,76.7,8.286,,0.108031291,
1:27,85.033,76.7,8.333,,0.108644068,
1:28,85.074,76.7,8.374,,0.109178618,
1:29,85.021,76.7,8.321,,0.108487614,
1:31,84.857,75,9.857,,0.131426667,
1:32,84.935,75,9.935,,0.132466667,
1:33,84.938,75,9.938,,0.132506667,
1:34,84.86,75,9.86,,0.131466667,
1:35,84.846,74.9,9.946,,0.132790387,
1:36,84.598,74.9,9.698,,0.129479306,
1:37,84.457,74.9,9.557,,0.127596796,
1:38,84.427,74.9,9.527,,0.127196262,
1:39,84.474,74.9,9.574,,0.127823765,
1:40,84.483,74.5,9.983,,0.134,
1:41,84.473,74.5,9.973,,0.133865772,
1:42,84.35,74.5,9.85,,0.132214765,
1:43,84.264,74.5,9.764,,0.131060403,
1:44,84.264,74.5,9.764,,0.131060403,
1:45,84.191,74.1,10.091,,0.136180837,
1:46,84.081,74.1,9.981,,0.134696356,
1:48,84.181,74.1,10.081,,0.136045884,
1:49,84.161,74.1,10.061,,0.135775978,
1:50,84.193,74.2,9.993,,0.13467655,
1:51,84.086,74.2,9.886,,0.133234501,
1:52,84.03,74.2,9.83,,0.132479784,
1:53,83.971,74.2,9.771,,0.131684636,
1:54,83.921,74.2,9.721,,0.131010782,
1:55,84.076,74.2,9.876,,0.13309973,
1:56,84.032,74.2,9.832,,0.132506739,
1:57,83.935,74.2,9.735,,0.131199461,
1:58,83.8,74.2,9.6,,0.129380054,
1:59,83.558,74.2,9.358,,0.126118598,
2:00,83.258,73.8,9.458,,0.128157182,
2:01,83.119,73.8,9.319,,0.126273713,
2:02,82.841,73.8,9.041,,0.122506775,
2:03,82.439,73.8,8.639,,0.117059621,
2:04,82.059,73.8,8.259,,0.111910569,
2:05,81.703,73.7,8.003,,0.108588874,
2:07,80.982,73.7,7.282,,0.09880597,
2:08,80.596,73.7,6.896,,0.093568521,
2:09,80.396,73.7,6.696,,0.090854817,
2:10,80.319,73.5,6.819,,0.09277551,
2:11,80.213,73.5,6.713,,0.091333333,
2:12,80.223,73.5,6.723,,0.091469388,
2:13,80.162,73.5,6.662,,0.090639456,
2:14,80.021,73.5,6.521,,0.088721088,
2:15,80.025,73.6,6.425,,0.087296196,
2:16,79.86,73.6,6.26,,0.085054348,
2:17,79.84,73.6,6.24,,0.084782609,
2:18,79.741,73.6,6.141,,0.0834375,
2:19,79.566,73.6,5.966,,0.081059783,
2:20,79.421,73,6.421,,0.087958904,
2:21,79.419,73,6.419,,0.087931507,
2:22,79.464,73,6.464,,0.088547945,
2:24,79.259,73,6.259,,0.085739726,
2:25,79.177,73,6.177,,0.084616438,
2:26,79.209,73,6.209,,0.085054795,
2:27,79.317,73,6.317,,0.086534247,
2:28,79.239,73,6.239,,0.085465753,
2:29,79.104,73,6.104,,0.083616438,
2:30,79.021,72.7,6.321,,0.086946355,
2:31,79.195,72.7,6.495,,0.089339752,
2:32,79.274,72.7,6.574,,0.09042641,
2:33,79.348,72.7,6.648,,0.091444292,
2:34,79.499,72.7,6.799,,0.09352132,
2:35,79.703,72.6,7.103,,0.097837466,
2:36,79.83,72.6,7.23,,0.099586777,
2:37,79.928,72.6,7.328,,0.100936639,
2:38,80.085,72.6,7.485,,0.103099174,
2:39,79.966,72.6,7.366,,0.101460055,
2:41,79.826,72.5,7.326,,0.101048276,
2:42,79.837,72.5,7.337,,0.1012,
2:43,79.957,72.5,7.457,,0.102855172,
2:44,80.032,72.5,7.532,,0.103889655,
2:45,80.182,72.5,7.682,,0.105958621,
2:46,80.173,72.5,7.673,,0.105834483,
2:47,80.163,72.5,7.663,,0.105696552,
2:48,80.079,72.5,7.579,,0.104537931,
2:49,80.275,72.5,7.775,,0.107241379,
2:50,80.493,72.8,7.693,,0.105673077,
2:51,80.474,72.8,7.674,,0.105412088,
2:52,80.639,72.8,7.839,,0.107678571,
2:53,80.827,72.8,8.027,,0.110260989,
2:54,80.785,72.8,7.985,,0.109684066,
2:55,80.658,72.9,7.758,,0.106419753,
2:56,80.609,72.9,7.709,,0.105747599,
2:58,80.474,72.9,7.574,,0.103895748,
2:59,80.468,72.9,7.568,,0.103813443,
3:00,80.493,73.1,7.393,,0.101135431,
3:01,80.461,73.1,7.361,,0.100697674,
3:02,80.47,73.1,7.37,,0.100820793,
3:03,80.529,73.1,7.429,,0.101627907,
3:04,80.523,73.1,7.423,,0.101545828,
3:05,80.62,73.1,7.52,,0.102872777,
3:06,80.836,73.1,7.736,,0.105827633,
3:07,80.889,73.1,7.789,,0.106552668,
3:08,80.78,73.1,7.68,,0.10506156,
3:09,80.819,73.1,7.719,,0.105595075,
3:10,80.723,73,7.723,,0.105794521,
3:11,80.805,73,7.805,,0.106917808,
3:12,80.825,73,7.825,,0.107191781,
3:13,80.794,73,7.794,,0.106767123,
3:14,80.821,73,7.821,,0.107136986,
3:16,80.714,73.5,7.214,,0.09814966,
3:17,80.634,73.5,7.134,,0.097061224,
3:18,80.576,73.5,7.076,,0.096272109,
3:19,80.552,73.5,7.052,,0.095945578,
3:20,80.477,73.6,6.877,,0.0934375,
3:21,80.382,73.6,6.782,,0.092146739,
3:22,80.335,73.6,6.735,,0.091508152,
3:23,80.434,73.6,6.834,,0.092853261,
3:24,80.464,73.6,6.864,,0.09326087,
3:25,80.443,73.5,6.943,,0.094462585,
3:26,80.447,73.5,6.947,,0.094517007,
3:27,80.518,73.5,7.018,,0.095482993,
3:28,80.476,73.5,6.976,,0.094911565,
3:29,80.299,73.5,6.799,,0.092503401,
3:30,80.325,73.3,7.025,,0.095839018,
3:31,80.258,73.3,6.958,,0.094924966,
3:32,80.137,73.3,6.837,,0.093274216,
3:34,79.961,73.3,6.661,,0.090873124,
3:35,79.811,72.7,7.111,,0.09781293,
3:36,79.613,72.7,6.913,,0.095089409,
3:37,79.492,72.7,6.792,,0.093425034,
3:38,79.301,72.7,6.601,,0.090797799,
3:39,79.079,72.7,6.379,,0.087744154,
3:40,78.911,71.7,7.211,,0.100571827,
3:41,78.637,71.7,6.937,,0.096750349,
3:42,78.368,71.7,6.668,,0.092998605,
3:43,78.071,71.7,6.371,,0.088856346,
3:44,77.901,71.7,6.201,,0.086485356,
3:45,77.663,70.7,6.963,,0.098486563,
3:46,77.496,70.7,6.796,,0.09612447,
3:47,78.689,70.7,7.989,,0.112998586,
3:48,78.746,70.7,8.046,,0.113804809,
3:49,78.129,70.7,7.429,,0.105077793,
3:50,76.917,70,6.917,,0.098814286,
3:51,75.723,70,5.723,,0.081757143,
3:53,74.438,70,4.438,,0.0634,
3:54,74.19,70,4.19,,0.059857143,
3:55,74.134,69.5,4.634,,0.066676259,
3:56,74.02,69.5,4.52,,0.065035971,
3:57,73.836,69.5,4.336,,0.062388489,
3:58,73.592,69.5,4.092,,0.058877698,
3:59,73.377,69.5,3.877,,0.055784173,
4:00,73.165,69.4,3.765,,0.05425072,
4:01,72.955,69.4,3.555,,0.051224784,
4:02,72.844,69.4,3.444,,0.04962536,
4:04,72.599,69.4,3.199,,0.046095101,
4:05,72.494,69.4,3.094,,0.044582133,
4:06,72.348,69.4,2.948,,0.042478386,
4:07,72.111,69.4,2.711,,0.039063401,
4:08,71.927,69.4,2.527,,0.036412104,
4:09,71.674,69.4,2.274,,0.032766571,
4:10,71.637,69.6,2.037,,0.029267241,
4:11,71.66,69.6,2.06,,0.029597701,
4:12,71.67,69.6,2.07,,0.029741379,
4:13,71.723,69.6,2.123,,0.030502874,
4:14,71.755,69.6,2.155,,0.030962644,
4:15,71.709,69.4,2.309,,0.033270893,
4:16,71.595,69.4,2.195,,0.031628242,
4:17,71.472,69.4,2.072,,0.029855908,
4:18,71.594,69.4,2.194,,0.031613833,
4:19,71.794,69.4,2.394,,0.034495677,
4:21,71.639,69.5,2.139,,0.030776978,
4:22,71.527,69.5,2.027,,0.029165468,
4:23,71.477,69.5,1.977,,0.028446043,
4:24,71.391,69.5,1.891,,0.027208633,
4:25,71.371,69.7,1.671,,0.023974175,
4:26,71.354,69.7,1.654,,0.023730273,
4:27,71.418,69.7,1.718,,0.024648494,
4:28,71.317,69.7,1.617,,0.023199426,
4:29,71.373,69.7,1.673,,0.024002869,
4:30,71.354,68.7,2.654,,0.038631732,
4:31,71.291,68.7,2.591,,0.037714702,
4:32,71.196,68.7,2.496,,0.036331878,
4:33,71.055,68.7,2.355,,0.034279476,
4:34,71.008,68.7,2.308,,0.033595342,
4:35,70.876,68.7,2.176,,0.031673945,
4:36,70.744,68.7,2.044,,0.029752547,
4:37,70.627,68.7,1.927,,0.028049491,
4:39,70.317,68.7,1.617,,0.023537118,
4:40,70.143,68.1,2.043,,0.03,
4:41,70.032,68.1,1.932,,0.028370044,
4:42,70.071,68.1,1.971,,0.028942731,
4:43,70.106,68.1,2.006,,0.029456681,
4:44,70.062,68.1,1.962,,0.028810573,
4:45,69.998,67.8,2.198,,0.032418879,
4:46,69.904,67.8,2.104,,0.031032448,
4:47,69.933,67.8,2.133,,0.031460177,
4:48,69.917,67.8,2.117,,0.031224189,
4:49,70.134,67.8,2.334,,0.034424779,
4:50,70.264,69,1.264,,0.018318841,
4:51,70.218,69,1.218,,0.017652174,
4:52,70.207,69,1.207,,0.017492754,
4:53,70.023,69,1.023,,0.014826087,
4:54,69.874,69,0.874,,0.012666667,
4:56,69.561,67.2,2.361,,0.035133929,
4:57,69.442,67.2,2.242,,0.033363095,
4:58,69.389,67.2,2.189,,0.032574405,
4:59,69.379,67.2,2.179,,0.032425595,
5:00,69.358,67,2.358,,0.03519403,
5:01,69.259,67,2.259,,0.033716418,
5:02,69.215,67,2.215,,0.033059701,
5:03,69.145,67,2.145,,0.032014925,
5:04,69.078,67,2.078,,0.031014925,
5:05,69.124,66.7,2.424,,0.036341829,
5:06,69.15,66.7,2.45,,0.036731634,
5:07,69.119,66.7,2.419,,0.036266867,
5:08,69.243,66.7,2.543,,0.038125937,
5:09,69.144,66.7,2.444,,0.036641679,
5:10,69.021,67.1,1.921,,0.028628912,
5:11,68.969,67.1,1.869,,0.027853949,
5:12,69.077,67.1,1.977,,0.029463487,
5:13,69.272,67.1,2.172,,0.032369598,
5:15,69.273,66.6,2.673,,0.040135135,
5:16,69.344,66.6,2.744,,0.041201201,
5:17,69.409,66.6,2.809,,0.042177177,
5:18,69.482,66.6,2.882,,0.043273273,
5:19,69.393,66.6,2.793,,0.041936937,
5:20,69.23,67.5,1.73,,0.02562963,
5:21,69.172,67.5,1.672,,0.02477037,
5:22,69.187,67.5,1.687,,0.024992593,
5:23,69.162,67.5,1.662,,0.024622222,
5:24,69.132,67.5,1.632,,0.024177778,
5:25,69.125,67.3,1.825,,0.027117385,
5:26,69.096,67.3,1.796,,0.026686478,
5:27,69.015,67.3,1.715,,0.025482912,
5:28,68.918,67.3,1.618,,0.024041605,
5:29,68.821,67.3,1.521,,0.022600297,
5:30,68.685,67.7,0.985,,0.014549483,
5:32,68.642,67.7,0.942,,0.013914328,
5:33,68.821,67.7,1.121,,0.016558346,
5:34,68.944,67.7,1.244,,0.018375185,
5:35,68.937,67.3,1.637,,0.024323923,
5:36,68.884,67.3,1.584,,0.023536404,
5:37,69.009,67.3,1.709,,0.025393759,
5:38,68.886,67.3,1.586,,0.023566122,
5:39,68.851,67.3,1.551,,0.023046062,
5:40,68.953,67.7,1.253,,0.018508124,
5:41,68.859,67.7,1.159,,0.017119645,
5:42,68.735,67.7,1.035,,0.015288035,
5:43,68.66,67.7,0.96,,0.014180207,
5:44,68.621,67.7,0.921,,0.013604136,
5:45,68.613,67.1,1.513,,0.022548435,
5:46,68.633,67.1,1.533,,0.022846498,
5:47,68.522,67.1,1.422,,0.02119225,
5:48,68.557,67.1,1.457,,0.02171386,
5:50,68.746,69.7,0.954,,0.013877171,
5:51,68.757,69.7,0.943,,0.013714967,
5:52,68.635,69.7,1.065,,0.015516865,
5:53,68.54,69.7,1.16,,0.016924424,
5:54,68.623,69.7,1.077,,0.015694446,
5:55,68.465,66.5,1.965,,0.029548872,
5:56,68.375,66.5,1.875,,0.028195489,
5:57,68.333,66.5,1.833,,0.02756391,
5:58,68.275,66.5,1.775,,0.026691729,
5:59,68.23,66.5,1.73,,0.026015038,
6:00,68.127,66.2,1.927,,0.029108761,
6:01,68.123,66.2,1.923,,0.029048338,
6:02,68.101,66.2,1.901,,0.028716012,
6:03,67.978,66.2,1.778,,0.026858006,
6:04,67.905,66.2,1.705,,0.025755287,
6:05,67.873,66.1,1.773,,0.026822995,
6:07,67.911,66.1,1.811,,0.027397882,
6:08,67.893,66.1,1.793,,0.027125567,
6:09,67.893,66.1,1.793,,0.027125567,
6:10,67.87,65.8,2.07,,0.031458967,
6:11,67.846,65.8,2.046,,0.031094225,
6:12,67.842,65.8,2.042,,0.031033435,
6:13,67.671,65.8,1.871,,0.02843465,
6:14,67.489,65.8,1.689,,0.025668693,
6:15,67.323,65.8,1.523,,0.023145897,
6:16,67.28,65.8,1.48,,0.022492401,
6:17,67.256,65.8,1.456,,0.02212766,
6:18,67.1,65.8,1.3,,0.019756839,
6:19,67.025,65.8,1.225,,0.018617021,
6:20,67.134,119.1,51.966,,0.774063813,
6:21,67.197,119.1,51.903,,0.772400554,
6:22,67.184,119.1,51.916,,0.77274351,
6:23,67.195,119.1,51.905,,0.772453308,
6:24,67.187,119.1,51.913,,0.772664355,
6:26,67.214,64.6,2.614,,0.040464396,
6:27,67.19,64.6,2.59,,0.040092879,
6:28,67.284,64.6,2.684,,0.041547988,
6:29,67.285,64.6,2.685,,0.041563467,
6:30,67.338,64.6,2.738,,0.042383901,
6:31,67.293,64.6,2.693,,0.041687307,
6:32,67.451,64.6,2.851,,0.044133127,
6:33,67.569,64.6,2.969,,0.045959752,
6:34,67.73,64.6,3.13,,0.048452012,
6:35,67.765,64.9,2.865,,0.044144838,
6:36,67.854,64.9,2.954,,0.045516179,
6:37,68.043,64.9,3.143,,0.048428351,
6:38,68.095,64.9,3.195,,0.049229584,
6:39,68.008,64.9,3.108,,0.04788906,
6:40,68.046,65.6,2.446,,0.037286585,
6:41,68.059,65.6,2.459,,0.037484756,
6:43,68.08,65.6,2.48,,0.037804878,
6:44,68.127,65.6,2.527,,0.038521341,
6:45,68.167,66.5,1.667,,0.025067669,
6:46,68.319,66.5,1.819,,0.027353383,
6:47,68.616,66.5,2.116,,0.031819549,
6:48,68.605,66.5,2.105,,0.031654135,
6:49,68.675,66.5,2.175,,0.032706767,
6:50,68.681,67.4,1.281,,0.019005935,
6:51,68.701,67.4,1.301,,0.019302671,
6:52,68.851,67.4,1.451,,0.02152819,
6:53,69.084,67.4,1.684,,0.024985163,
6:54,69.243,67.4,1.843,,0.027344214,
6:55,69.445,68.2,1.245,,0.018255132,
6:56,69.692,68.2,1.492,,0.021876833,
6:57,69.833,68.2,1.633,,0.023944282,
6:58,69.915,68.2,1.715,,0.025146628,
6:59,70.042,68.2,1.842,,0.027008798,
7:01,70.296,68.8,1.496,,0.021744186,
7:02,70.457,68.8,1.657,,0.024084302,
7:03,70.585,68.8,1.785,,0.025944767,
7:04,70.669,68.8,1.869,,0.027165698,
7:05,70.788,70.3,0.488,,0.006941679,
7:06,70.905,70.3,0.605,,0.008605974,
7:07,71.078,70.3,0.778,,0.011066856,
7:08,71.194,70.3,0.894,,0.012716927,
7:09,71.374,70.3,1.074,,0.015277383,
7:10,71.736,72.4,0.664,,0.009256161,
7:11,72.155,72.4,0.245,,0.003395468,
7:12,72.564,72.4,0.164,,0.002265193,
7:13,72.81,72.4,0.41,,0.005662983,
7:14,72.959,72.4,0.559,,0.007720994,
7:15,73.152,73.4,0.248,,0.003390201,
7:16,73.321,73.4,0.079,,0.001077454,
7:17,73.507,73.4,0.107,,0.001457766,
7:19,73.98,73.4,0.58,,0.007901907,
7:20,74.271,74.4,0.129,,0.001736882,
7:21,74.391,74.4,0.009,,0.000120982,
7:22,74.533,74.4,0.133,,0.001787634,
7:23,74.674,74.4,0.274,,0.003682796,
7:24,74.942,74.4,0.542,,0.007284946,
7:25,75.278,75,0.278,,0.003706667,
7:26,75.679,75,0.679,,0.009053333,
7:27,76.032,75,1.032,,0.01376,
7:28,76.343,75,1.343,,0.017906667,
7:29,76.762,75,1.762,,0.023493333,
7:30,77.2,75.7,1.5,,0.019815059,
7:31,77.866,75.7,2.166,,0.028612946,
7:32,78.291,75.7,2.591,,0.034227213,
7:33,78.809,75.7,3.109,,0.041070013,
7:34,79.453,75.7,3.753,,0.049577279,
7:36,80.639,76.2,4.439,,0.058254593,
7:37,81.522,76.2,5.322,,0.06984252,
7:38,82.834,76.2,6.634,,0.087060367,
7:39,84.692,76.2,8.492,,0.11144357,
7:40,86.648,77,9.648,,0.125298701,
7:41,87.093,77,10.093,,0.131077922,
7:42,84.283,77,7.283,,0.094584416,
7:43,81.676,77,4.676,,0.060727273,
7:44,81.237,77,4.237,,0.055025974,
7:45,81.408,77.6,3.808,,0.049072165,
7:46,82.042,77.6,4.442,,0.057242268,
7:47,82.555,77.6,4.955,,0.063853093,
7:48,83.088,77.6,5.488,,0.070721649,
7:49,83.706,77.6,6.106,,0.078685567,
7:50,84.294,79.2,5.094,,0.064318182,
7:51,85.645,79.2,6.445,,0.081376263,
7:52,87.953,79.2,8.753,,0.110517677,
7:54,89.983,79.2,10.783,,0.13614899,
7:55,90.129,78.7,11.429,,0.145222363,
7:56,89.6,78.7,10.9,,0.138500635,
7:57,89.855,78.7,11.155,,0.141740788,
7:58,90.481,78.7,11.781,,0.149695044,
7:59,91.139,78.7,12.439,,0.158055909,
8:00,91.618,82.2,9.418,,0.114574209,
8:01,92.876,82.2,10.676,,0.129878345,
8:02,101.695,82.2,19.495,,0.23716545,
8:03,116.491,82.2,34.291,,0.41716545,
8:04,112.877,82.2,30.677,,0.373199513,
8:05,101.364,79.9,21.464,,0.268635795,
8:06,93.378,79.9,13.478,,0.168685857,
8:07,92.62,79.9,12.72,,0.159198999,
8:08,96.089,79.9,16.189,,0.20261577,
8:09,100.578,79.9,20.678,,0.258798498,
8:11,108.059,79.6,28.459,,0.357525126,
8:12,113.777,79.6,34.177,,0.429359296,
8:13,117.703,79.6,38.103,,0.478680905,
8:14,120.123,79.6,40.523,,0.509082915,
8:15,120.166,80.8,39.366,,0.48720297,
8:16,120.166,80.8,39.366,,0.48720297,
8:17,116.102,80.8,35.302,,0.436905941,
8:18,101.876,80.8,21.076,,0.260841584,
8:19,98.694,80.8,17.894,,0.221460396,
8:20,94.943,80.8,14.143,,0.175037129,
8:21,94.215,80.8,13.415,,0.166027228,
8:22,97.183,80.8,16.383,,0.202759901,
8:23,98.653,80.8,17.853,,0.22095297,
8:24,96.468,80.8,15.668,,0.193910891,
8:25,93.812,80.8,13.012,,0.161039604,
8:26,91.625,80.8,10.825,,0.133972772,
8:27,89.537,80.8,8.737,,0.108131188,
8:29,86.8,80.8,6,,0.074257426,
8:30,86.162,80.7,5.462,,0.067682776,
8:31,86.604,80.7,5.904,,0.073159851,
8:32,86.911,80.7,6.211,,0.076964064,
8:33,86.682,80.7,5.982,,0.074126394,
8:34,86.993,80.7,6.293,,0.077980173,
8:35,86.754,81,5.754,,0.071037037,
8:36,86.466,81,5.466,,0.067481481,
8:37,86.107,81,5.107,,0.063049383,
8:38,86.766,81,5.766,,0.071185185,
8:39,87.306,81,6.306,,0.077851852,
8:40,87.673,81.1,6.573,,0.081048089,
8:41,87.561,81.1,6.461,,0.079667078,
8:42,87.88,81.1,6.78,,0.083600493,
8:43,88.326,81.1,7.226,,0.089099877,
8:44,88.722,81.1,7.622,,0.093982737,
8:45,89.085,82.3,6.785,,0.082442284,
8:47,90.201,82.3,7.901,,0.09600243,
8:48,91.339,82.3,9.039,,0.109829891,
8:49,93.388,82.3,11.088,,0.13472661,
8:50,96.318,82.1,14.218,,0.17317905,
8:51,98.601,82.1,16.501,,0.200986602,
8:52,100.468,82.1,18.368,,0.223727162,
8:53,107.587,82.1,25.487,,0.31043849,
8:54,117.767,82.1,35.667,,0.434433618,
8:55,112.261,82.9,29.361,,0.354173703,
8:56,102.749,82.9,19.849,,0.239433052,
8:57,102.673,82.9,19.773,,0.238516285,
8:58,111.633,82.9,28.733,,0.346598311,
8:59,117.975,82.9,35.075,,0.423100121,
9:00,108.016,83.6,24.416,,0.292057416,
9:01,101.677,83.6,18.077,,0.216232057,
9:02,105.468,83.6,21.868,,0.261578947,
9:04,105.496,83.6,21.896,,0.261913876,
9:05,101.515,83.8,17.715,,0.211396181,
9:06,100.661,83.8,16.861,,0.201205251,
9:07,102.911,83.8,19.111,,0.228054893,
9:08,103.918,83.8,20.118,,0.240071599,
9:09,103.808,83.8,20.008,,0.23875895,
9:10,104.108,83.4,20.708,,0.248297362,
9:11,104.447,83.4,21.047,,0.25236211,
9:12,104.656,83.4,21.256,,0.254868106,
9:13,104.209,83.4,20.809,,0.249508393,
9:14,103.863,83.4,20.463,,0.245359712,
9:15,103.493,84.5,18.993,,0.224769231,
9:16,103.985,84.5,19.485,,0.230591716,
9:17,102.889,84.5,18.389,,0.217621302,
9:18,103.234,84.5,18.734,,0.221704142,
9:19,113.147,84.5,28.647,,0.339017751,
9:20,119.7,85.5,34.2,,0.4,
9:22,120.166,85.5,34.666,,0.405450292,
9:23,120.166,85.5,34.666,,0.405450292,
9:24,120.166,85.5,34.666,,0.405450292,
9:25,120.166,85.5,34.666,,0.405450292,
9:26,117.471,85.5,31.971,,0.373929825,
9:27,108.499,85.5,22.999,,0.268994152,
9:28,102.628,85.5,17.128,,0.200327485,
9:29,101.89,85.5,16.39,,0.191695906,
9:30,102.009,85.8,16.209,,0.188916084,
9:31,101.492,85.8,15.692,,0.182890443,
9:32,102.348,85.8,16.548,,0.192867133,
9:33,101.417,85.8,15.617,,0.182016317,
9:34,99.589,85.8,13.789,,0.160710956,
9:35,98.648,85.9,12.748,,0.148405122,
9:36,97.882,85.9,11.982,,0.139487776,
9:37,98.041,85.9,12.141,,0.141338766,
9:38,98.439,85.9,12.539,,0.145972061,
9:39,98.193,85.9,12.293,,0.143108265,
9:41,95.209,91.5,3.709,,0.040535519,
9:42,93.986,91.5,2.486,,0.027169399,
9:43,94.144,91.5,2.644,,0.028896175,
9:44,94.957,91.5,3.457,,0.037781421,
9:45,95.486,85.3,10.186,,0.119413834,
9:46,94.745,85.3,9.445,,0.110726846,
9:47,94.334,85.3,9.034,,0.105908558,
9:48,94.245,85.3,8.945,,0.104865182,
9:49,94.672,85.3,9.372,,0.109871043,
9:50,94.767,85.9,8.867,,0.10322468,
9:51,95.265,85.9,9.365,,0.109022119,
9:52,94.364,85.9,8.464,,0.098533178,
9:53,94.138,85.9,8.238,,0.095902212,
9:54,93.906,85.9,8.006,,0.093201397,
9:55,94.358,85.3,9.058,,0.106189918,
9:56,95.26,85.3,9.96,,0.116764361,
9:58,94.838,85.3,9.538,,0.111817116,
9:59,95.27,85.3,9.97,,0.116881594,
10:00,95.597,84.9,10.697,,0.125995289,
10:01,96.005,84.9,11.105,,0.130800942,
10:02,96.545,84.9,11.645,,0.137161366,
10:03,95.928,84.9,11.028,,0.129893993,
10:04,96.343,84.9,11.443,,0.134782097,
10:05,98.296,88.9,9.396,,0.105691789,
10:06,99.78,88.9,10.88,,0.122384702,
10:07,99.585,88.9,10.685,,0.120191226,
10:08,99.025,88.9,10.125,,0.113892013,
10:09,100.776,88.9,11.876,,0.133588301,
10:10,100.396,90.5,9.896,,0.109348066,
10:11,99.765,90.5,9.265,,0.102375691,
10:12,98.63,90.5,8.13,,0.089834254,
10:13,99.195,90.5,8.695,,0.096077348,
10:14,100.126,90.5,9.626,,0.106364641,
10:16,98.794,104.1,5.306,,0.053707715,
10:17,98.349,104.1,5.751,,0.058475429,
10:18,98.043,104.1,6.057,,0.061779015,
10:19,98.86,104.1,5.24,,0.053004248,
10:20,99.702,92,7.702,,0.083717391,
10:21,100.02,92,8.02,,0.087173913,
10:22,100.61,92,8.61,,0.093586957,
10:23,99.51,92,7.51,,0.081630435,
10:24,99.557,92,7.557,,0.082141304,
10:25,99.026,90,9.026,,0.100288889,
10:26,99.422,90,9.422,,0.104688889,
10:27,100.056,90,10.056,,0.111733333,
10:28,99.479,90,9.479,,0.105322222,
10:29,100.001,90,10.001,,0.111122222,
10:31,100.661,91.3,9.361,,0.10253012,
10:32,99.349,91.3,8.049,,0.088159912,
10:33,99.104,91.3,7.804,,0.085476451,
10:34,100.006,91.3,8.706,,0.095355969,
10:35,99.882,90.1,9.782,,0.108568257,
10:36,99.909,90.1,9.809,,0.108867925,
10:37,99.337,90.1,9.237,,0.102519423,
10:38,98.894,90.1,8.794,,0.097602664,
10:40,98.587,90.9,7.687,,0.084565457,
10:41,98.618,90.9,7.718,,0.084906491,
10:42,98.929,90.9,8.029,,0.088327833,
10:43,99.414,90.9,8.514,,0.093663366,
10:44,99.057,90.9,8.157,,0.089735974,
10:45,98.574,90.8,7.774,,0.08561674,
10:46,98.524,90.8,7.724,,0.085066079,
10:47,99.088,90.8,8.288,,0.091277533,
10:48,99.883,90.8,9.083,,0.10003304,
10:49,99.314,90.8,8.514,,0.09376652,
10:50,99.158,92.4,6.758,,0.073138528,
10:52,100.539,92.4,8.139,,0.088084416,
10:53,100.144,92.4,7.744,,0.083809524,
10:54,100.675,92.4,8.275,,0.089556277,
10:55,101.284,93.2,8.084,,0.086738197,
10:56,101.905,93.2,8.705,,0.093401288,
10:57,101.664,93.2,8.464,,0.090815451,
10:58,101.48,93.2,8.28,,0.088841202,
10:59,102.35,93.2,9.15,,0.098175966,
11:00,102.718,120.9,18.182,,0.177008898,
11:01,102.221,120.9,18.679,,0.182731533,
11:02,102.277,120.9,18.623,,0.182083948,
11:03,102.57,120.9,18.33,,0.178707224,
11:04,103.137,120.9,17.763,,0.172227232,
11:05,102.9,94.1,8.8,,0.093517535,
11:06,102.99,94.1,8.89,,0.094473964,
11:07,103.545,94.1,9.445,,0.100371945,
11:09,103.448,94.1,9.348,,0.099341126,
11:10,103.724,94.1,9.624,,0.102274176,
11:11,104.152,94.1,10.052,,0.106822529,
11:12,105.643,94.1,11.543,,0.122667375,
11:13,106.558,94.1,12.458,,0.132391073,
11:14,105.028,94.1,10.928,,0.116131775,
11:15,103.397,92.8,10.597,,0.11419181,
11:16,103.22,92.8,10.42,,0.112284483,
11:17,103.318,92.8,10.518,,0.113340517,
11:18,102.539,92.8,9.739,,0.104946121,
11:19,101.944,92.8,9.144,,0.098534483,
11:20,103.474,94.7,8.774,,0.092650475,
11:21,104.221,94.7,9.521,,0.100538543,
11:22,105.414,94.7,10.714,,0.11313622,
11:23,106.936,94.7,12.236,,0.129208025,
11:24,106.014,94.7,11.314,,0.119472017,
11:25,104.744,93.7,11.044,,0.117865528,
11:27,105.8,93.7,12.1,,0.129135539,
11:28,105.844,93.7,12.144,,0.129605123,
11:29,107.076,93.7,13.376,,0.142753469,
11:30,108.819,93.5,15.319,,0.163839572,
11:31,109.092,93.5,15.592,,0.166759358,
11:32,108.125,93.5,14.625,,0.156417112,
11:33,107.904,93.5,14.404,,0.154053476,
11:34,106.565,93.5,13.065,,0.13973262,
11:35,105.742,91.8,13.942,,0.151873638,
11:36,105.948,91.8,14.148,,0.154117647,
11:37,105.551,91.8,13.751,,0.149793028,
11:38,104.748,91.8,12.948,,0.141045752,
11:39,105.075,91.8,13.275,,0.144607843,
11:40,104.549,91.2,13.349,,0.146370614,
11:41,103.854,91.2,12.654,,0.13875,
11:42,103.443,91.2,12.243,,0.134243421,
11:44,104.371,91.2,13.171,,0.14441886,
11:45,102.679,91.4,11.279,,0.123402626,
11:46,101.582,91.4,10.182,,0.111400438,
11:47,101.506,91.4,10.106,,0.110568928,
11:48,101.596,91.4,10.196,,0.111553611,
11:49,101.916,91.4,10.516,,0.115054705,
11:50,102.445,92.8,9.645,,0.10393319,
11:51,101.904,92.8,9.104,,0.098103448,
11:52,101.874,92.8,9.074,,0.097780172,
11:53,102.794,92.8,9.994,,0.107693966,
11:54,102.913,92.8,10.113,,0.108976293,
11:55,104.111,96.4,7.711,,0.079989627,
11:56,103.991,96.4,7.591,,0.078744813,
11:57,104.241,96.4,7.841,,0.081338174,
11:58,105.942,96.4,9.542,,0.098983402,
11:59,106.828,96.4,10.428,,0.108174274,
12:01,107.796,96.2,11.596,,0.120540541,
12:02,107.993,96.2,11.793,,0.122588358,
12:03,105.621,96.2,9.421,,0.097931393,
12:04,107.174,96.2,10.974,,0.114074844,
12:05,108.74,96,12.74,,0.132708333,
12:06,107.675,96,11.675,,0.121614583,
12:07,107.115,96,11.115,,0.11578125,
12:08,109.292,96,13.292,,0.138458333,
12:09,110.428,96,14.428,,0.150291667,
12:10,110.235,96.8,13.435,,0.138791322,
12:11,110.185,96.8,13.385,,0.138274793,
12:12,110.397,96.8,13.597,,0.140464876,
12:14,108.528,96.8,11.728,,0.121157025,
12:15,107.712,96.7,11.012,,0.113877973,
12:16,109.027,96.7,12.327,,0.127476732,
12:17,110.048,96.7,13.348,,0.13803516,
12:18,109.91,96.7,13.21,,0.136608066,
12:19,108.94,96.7,12.24,,0.126577042,
12:20,108.321,97.6,10.721,,0.109846311,
12:21,108.296,97.6,10.696,,0.109590164,
12:22,110.115,97.6,12.515,,0.128227459,
12:23,110.146,97.6,12.546,,0.128545082,
12:24,110.991,97.6,13.391,,0.137202869,
12:25,112.753,98.4,14.353,,0.145863821,
12:26,113.033,98.4,14.633,,0.14870935,
12:27,112.677,98.4,14.277,,0.145091463,
12:28,112.412,98.4,14.012,,0.142398374,
12:29,112.335,98.4,13.935,,0.141615854,
12:31,114.765,99.2,15.565,,0.156905242,
12:32,115.02,99.2,15.82,,0.159475806,
12:33,112.832,99.2,13.632,,0.137419355,
12:34,113.494,99.2,14.294,,0.144092742,
12:35,113.076,98.4,14.676,,0.149146341,
12:36,111.86,98.4,13.46,,0.136788618,
12:37,111.09,98.4,12.69,,0.128963415,
12:38,111.642,98.4,13.242,,0.134573171,
12:39,112.567,98.4,14.167,,0.143973577,
12:40,111.907,102,9.907,,0.097127451,
12:41,112.654,102,10.654,,0.10445098,
12:42,113.947,102,11.947,,0.117127451,
12:43,113.895,102,11.895,,0.116617647,
12:45,110.064,97.5,12.564,,0.128861538,
12:46,109.857,97.5,12.357,,0.126738462,
12:47,110.148,97.5,12.648,,0.129723077,
12:48,110.839,97.5,13.339,,0.136810256,
12:49,110.561,97.5,13.061,,0.133958974,
12:50,110.493,97.7,12.793,,0.130941658,
12:51,109.925,97.7,12.225,,0.125127943,
12:52,110.349,97.7,12.649,,0.129467758,
12:53,111.563,97.7,13.863,,0.141893552,
12:54,112.358,97.7,14.658,,0.150030706,
12:55,112.357,96.2,16.157,,0.167952183,
12:56,109.872,96.2,13.672,,0.142120582,
12:57,108.225,96.2,12.025,,0.125,
12:58,107.409,96.2,11.209,,0.116517672,
12:59,107.7,96.2,11.5,,0.11954262,
13:01,110.082,98.4,11.682,,0.118719512,
13:02,110.777,98.4,12.377,,0.12578252,
13:03,111.319,98.4,12.919,,0.13129065,
13:04,113.218,98.4,14.818,,0.150589431,
13:05,115.419,101.4,14.019,,0.138254438,
13:06,115.621,101.4,14.221,,0.140246548,
13:07,113.548,101.4,12.148,,0.119802761,
13:08,112.881,101.4,11.481,,0.113224852,
13:09,112.964,101.4,11.564,,0.114043393,
13:10,113.306,100.2,13.106,,0.130798403,
13:11,113.122,100.2,12.922,,0.128962076,
13:12,112.848,100.2,12.648,,0.126227545,
13:13,113.875,100.2,13.675,,0.136477046,
13:14,114.26,100.2,14.06,,0.140319361,
13:15,114.782,99.9,14.882,,0.148968969,
13:16,112.637,99.9,12.737,,0.127497497,
13:17,111.564,99.9,11.664,,0.116756757,
13:19,113.59,99.9,13.69,,0.137037037,
13:20,114.705,100.5,14.205,,0.141343284,
13:21,115.128,100.5,14.628,,0.145552239,
13:22,114.708,100.5,14.208,,0.141373134,
13:23,114.401,100.5,13.901,,0.138318408,
13:24,114.656,100.5,14.156,,0.140855721,
13:25,114.455,103.4,11.055,,0.106914894,
13:26,114.999,103.4,11.599,,0.112176015,
13:27,112.27,103.4,8.87,,0.085783366,
13:28,110.83,103.4,7.43,,0.071856867,
13:29,107.665,103.4,4.265,,0.041247582,
13:30,107.012,100.2,6.812,,0.067984032,
13:31,107.596,100.2,7.396,,0.073812375,
13:32,109.384,100.2,9.184,,0.091656687,
13:33,109.101,100.2,8.901,,0.088832335,
13:34,108.287,100.2,8.087,,0.080708583,
13:36,111.776,99.6,12.176,,0.122248996,
13:37,114.339,99.6,14.739,,0.147981928,
13:38,111.995,99.6,12.395,,0.124447791,
13:39,111.778,99.6,12.178,,0.122269076,
13:40,109.327,97.7,11.627,,0.119007165,
13:41,107.745,97.7,10.045,,0.102814739,
13:42,109.38,97.7,11.68,,0.119549642,
13:43,107.779,97.7,10.079,,0.103162743,
13:44,108.087,97.7,10.387,,0.106315251,
13:45,109.901,99,10.901,,0.110111111,
13:46,111.975,99,12.975,,0.131060606,
13:47,114.432,99,15.432,,0.155878788,
13:48,116.099,99,17.099,,0.172717172,
13:49,116.469,99,17.469,,0.176454545,
13:50,115.078,100.6,14.478,,0.143916501,
13:51,112.487,100.6,11.887,,0.118161034,
13:53,114.562,100.6,13.962,,0.138787276,
13:54,114.417,100.6,13.817,,0.137345924,
13:55,113.031,101.8,11.231,,0.110324165,
13:56,113.129,101.8,11.329,,0.111286837,
13:57,113.829,101.8,12.029,,0.118163065,
13:58,113.298,101.8,11.498,,0.112946955,
13:59,113.828,101.8,12.028,,0.118153242,
14:00,113.853,101.5,12.353,,0.121704433,
14:01,113.336,101.5,11.836,,0.116610837,
14:02,114.144,101.5,12.644,,0.124571429,
14:03,113.846,101.5,12.346,,0.121635468,
14:04,112.887,101.5,11.387,,0.112187192,
14:05,111.301,98.4,12.901,,0.131107724,
14:07,110.535,98.4,12.135,,0.123323171,
14:08,108.821,98.4,10.421,,0.105904472,
14:09,108.04,98.4,9.64,,0.09796748,
14:10,108.686,101.1,7.586,,0.075034619,
14:11,109.418,101.1,8.318,,0.082274975,
14:12,111.804,101.1,10.704,,0.105875371,
14:13,113.674,101.1,12.574,,0.124371909,
14:14,114.772,101.1,13.672,,0.135232443,
14:15,115.002,102.1,12.902,,0.126366308,
14:16,112.476,102.1,10.376,,0.101625857,
14:17,107.889,102.1,5.789,,0.056699314,
14:18,108.702,102.1,6.602,,0.064662096,
14:19,108.341,102.1,6.241,,0.061126347,
14:20,109.675,101.9,7.775,,0.076300294,
14:21,111.369,101.9,9.469,,0.092924436,
14:22,110.61,101.9,8.71,,0.085475957,
14:24,107.174,101.9,5.274,,0.051756624,
14:25,108.598,101.7,6.898,,0.067826942,
14:26,108.896,101.7,7.196,,0.070757129,
14:27,110.413,101.7,8.713,,0.08567355,
14:28,111.94,101.7,10.24,,0.100688299,
14:29,111.826,101.7,10.126,,0.099567355,
14:30,108.047,102.1,5.947,,0.058246817,
14:31,105.186,102.1,3.086,,0.030225269,
14:32,108.041,102.1,5.941,,0.058188051,
14:33,109.764,102.1,7.664,,0.075063663,
14:34,110.922,102.1,8.822,,0.086405485,
14:35,112.343,100.7,11.643,,0.115620655,
14:36,113.312,100.7,12.612,,0.125243297,
14:37,112.835,100.7,12.135,,0.120506455,
14:38,112.051,100.7,11.351,,0.112720953,
14:40,112.136,101,11.136,,0.110257426,
14:41,111.549,101,10.549,,0.104445545,
14:42,110.495,101,9.495,,0.094009901,
14:43,111.537,101,10.537,,0.104326733,
14:44,110.725,101,9.725,,0.096287129,
14:45,112.496,104.2,8.296,,0.079616123,
14:46,112.602,104.2,8.402,,0.080633397,
14:47,114.419,104.2,10.219,,0.098071017,
14:48,116.922,104.2,12.722,,0.122092131,
14:49,119.225,104.2,15.025,,0.144193858,
14:50,120.048,104.6,15.448,,0.147686424,
14:51,119.957,104.6,15.357,,0.146816444,
14:52,120.057,104.6,15.457,,0.147772467,
14:53,120.157,104.6,15.557,,0.148728489,
14:55,117.017,106.5,10.517,,0.098751174,
14:56,117.408,106.5,10.908,,0.102422535,
14:57,116.733,106.5,10.233,,0.096084507,
14:58,117.128,106.5,10.628,,0.099793427,
14:59,117.309,106.5,10.809,,0.101492958,
15:00,117.604,104.1,13.504,,0.129721422,
15:01,116.062,104.1,11.962,,0.114908742,
15:02,114.246,104.1,10.146,,0.097463977,
15:03,110.568,104.1,6.468,,0.062132565,
15:04,111.785,104.1,7.685,,0.073823247,
15:05,113.19,101.6,11.59,,0.114074803,
15:06,112.207,101.6,10.607,,0.104399606,
15:07,112.691,101.6,11.091,,0.109163386,
15:08,113.562,101.6,11.962,,0.11773622,
15:09,110.828,101.6,9.228,,0.090826772,
15:10,108.671,99.8,8.871,,0.088887776,
15:11,109.348,99.8,9.548,,0.095671343,
15:13,111.69,99.8,11.89,,0.119138277,
15:14,112.472,99.8,12.672,,0.126973948,
15:15,113.727,103.2,10.527,,0.102005814,
15:16,114.472,103.2,11.272,,0.109224806,
15:17,115.038,103.2,11.838,,0.114709302,
15:18,116.731,103.2,13.531,,0.131114341,
15:19,117.356,103.2,14.156,,0.137170543,
15:20,117.007,105.8,11.207,,0.105926276,
15:21,114.569,105.8,8.769,,0.082882798,
15:22,115.274,105.8,9.474,,0.089546314,
15:23,112.911,105.8,7.111,,0.06721172,
15:24,110.783,105.8,4.983,,0.047098299,
15:25,108.745,105.1,3.645,,0.034681256,
15:26,110.458,105.1,5.358,,0.050980019,
15:27,111.935,105.1,6.835,,0.065033302,
15:28,111.717,105.1,6.617,,0.062959087,
15:29,111.542,105.1,6.442,,0.061294006,
15:31,110.019,100.8,9.219,,0.091458333,
15:32,107.653,100.8,6.853,,0.067986111,
15:33,105.985,100.8,5.185,,0.051438492,
15:34,106.243,100.8,5.443,,0.053998016,
15:35,106.158,96.9,9.258,,0.095541796,
15:36,105.489,96.9,8.589,,0.088637771,
15:37,105.31,96.9,8.41,,0.086790506,
15:38,104.782,96.9,7.882,,0.081341589,
15:39,105.596,96.9,8.696,,0.089742002,
15:40,106.19,98.1,8.09,,0.082466871,
15:41,104.715,98.1,6.615,,0.067431193,
15:42,103.59,98.1,5.49,,0.055963303,
15:43,101.936,98.1,3.836,,0.039102956,
15:44,100.322,98.1,2.222,,0.022650357,
15:45,101.301,97.7,3.601,,0.036857728,
15:46,102.749,97.7,5.049,,0.051678608,
15:47,102.475,97.7,4.775,,0.048874104,
15:49,101.612,97.7,3.912,,0.040040942,
15:50,102.621,98.5,4.121,,0.041837563,
15:51,103.808,98.5,5.308,,0.053888325,
15:52,104.941,98.5,6.441,,0.065390863,
15:53,105.634,98.5,7.134,,0.072426396,
15:54,105.988,98.5,7.488,,0.076020305,
15:55,106.321,101.9,4.421,,0.043385672,
15:56,107.755,101.9,5.855,,0.057458292,
15:57,107.417,101.9,5.517,,0.054141315,
15:58,107.619,101.9,5.719,,0.056123651,
15:59,107.563,101.9,5.663,,0.055574092,
16:00,107.51,98.9,8.61,,0.087057634,
16:01,108.143,98.9,9.243,,0.093458038,
16:02,106.546,98.9,7.646,,0.077310415,
16:03,106.187,98.9,7.287,,0.073680485,
16:04,105.669,98.9,6.769,,0.068442872,
16:05,106.391,98.1,8.291,,0.0845158,
16:07,107.018,98.1,8.918,,0.090907238,
16:08,106.092,98.1,7.992,,0.08146789,
16:09,105.706,98.1,7.606,,0.077533129,
16:10,106.435,96.8,9.635,,0.099535124,
16:11,106.419,96.8,9.619,,0.099369835,
16:12,106,96.8,9.2,,0.095041322,
16:13,105.802,96.8,9.002,,0.092995868,
16:14,104.923,96.8,8.123,,0.083915289,
16:15,104.85,95.3,9.55,,0.100209864,
16:16,104.502,95.3,9.202,,0.096558237,
16:17,104.774,95.3,9.474,,0.099412382,
16:18,104.211,95.3,8.911,,0.093504722,
16:19,104.468,95.3,9.168,,0.096201469,
16:20,103.84,92.6,11.24,,0.121382289,
16:21,103.231,92.6,10.631,,0.114805616,
16:22,102.799,92.6,10.199,,0.110140389,
16:23,102.401,92.6,9.801,,0.105842333,
16:24,102.332,92.6,9.732,,0.105097192,
16:26,101.257,91.5,9.757,,0.10663388,
16:27,100.452,91.5,8.952,,0.097836066,
16:28,100.274,91.5,8.774,,0.09589071,
16:29,100.174,91.5,8.674,,0.094797814,
16:30,100.096,90.9,9.196,,0.101166117,
16:31,99.787,90.9,8.887,,0.097766777,
16:32,99.179,90.9,8.279,,0.091078108,
16:33,98.81,90.9,7.91,,0.087018702,
16:34,98.452,90.9,7.552,,0.083080308,
16:35,98.5,90.5,8,,0.08839779,
16:36,97.982,90.5,7.482,,0.082674033,
16:37,98.22,90.5,7.72,,0.085303867,
16:38,97.794,90.5,7.294,,0.080596685,
16:39,97.493,90.5,6.993,,0.077270718,
16:40,97.038,89.7,7.338,,0.08180602,
16:41,96.34,89.7,6.64,,0.074024526,
16:42,96.15,89.7,6.45,,0.071906355,
16:44,95.888,89.7,6.188,,0.068985507,
16:45,96.027,118.6,22.573,,0.235069303,
16:46,96.416,118.6,22.184,,0.230086293,
16:47,97.37,118.6,21.23,,0.218034302,
16:48,98.384,118.6,20.216,,0.205480566,
16:49,99.506,118.6,19.094,,0.191887926,
16:50,100.389,99.8,0.589,,0.005901804,
16:51,100.904,99.8,1.104,,0.011062124,
16:52,102.923,99.8,3.123,,0.031292585,
16:53,104.133,99.8,4.333,,0.043416834,
16:54,105.422,99.8,5.622,,0.056332665,
16:55,104.536,98.3,6.236,,0.063438454,
16:56,104.288,98.3,5.988,,0.060915565,
16:57,104.334,98.3,6.034,,0.06138352,
16:58,102.247,98.3,3.947,,0.040152594,
16:59,101.105,98.3,2.805,,0.028535097,
17:01,102.118,97.5,4.618,,0.047364103,
17:02,102.537,97.5,5.037,,0.051661538,
17:03,104.066,97.5,6.566,,0.06734359,
17:04,105.23,97.5,7.73,,0.079282051,
17:05,106.321,98.9,7.421,,0.075035389,
17:06,106.156,98.9,7.256,,0.073367037,
17:07,106.512,98.9,7.612,,0.076966633,
17:08,105.018,98.9,6.118,,0.061860465,
17:09,105.072,98.9,6.172,,0.062406471,
17:10,105.161,99.7,5.461,,0.054774323,
17:11,104.424,99.7,4.724,,0.047382146,
17:12,104.249,99.7,4.549,,0.045626881,
17:13,105.808,99.7,6.108,,0.061263791,
17:14,105.586,99.7,5.886,,0.059037111,
17:15,104.434,99.9,4.534,,0.045385385,
17:16,103.726,99.9,3.826,,0.038298298,
17:17,104.151,99.9,4.251,,0.042552553,
17:19,102.02,99.9,2.12,,0.021221221,
17:20,102.988,98.3,4.688,,0.047690743,
17:21,103.949,98.3,5.649,,0.057466938,
17:22,103.849,98.3,5.549,,0.056449644,
17:23,104.141,98.3,5.841,,0.059420142,
17:24,103.195,98.3,4.895,,0.049796541,
17:25,100.542,96,4.542,,0.0473125,
17:26,100.42,96,4.42,,0.046041667,
17:27,100.545,96,4.545,,0.04734375,
17:28,100.081,96,4.081,,0.042510417,
17:29,100.268,96,4.268,,0.044458333,
17:30,100.82,93.6,7.22,,0.077136752,
17:31,100.216,93.6,6.616,,0.070683761,
17:32,99.184,93.6,5.584,,0.05965812,
17:33,97.996,93.6,4.396,,0.046965812,
17:34,98.62,93.6,5.02,,0.053632479,
17:36,98.926,92.3,6.626,,0.071787649,
17:37,98.833,92.3,6.533,,0.070780065,
17:38,98.598,92.3,6.298,,0.06823402,
17:39,98.503,92.3,6.203,,0.067204767,
17:40,98.373,92.1,6.273,,0.068110749,
17:41,98.543,92.1,6.443,,0.069956569,
17:42,98.831,92.1,6.731,,0.073083605,
17:43,98.772,92.1,6.672,,0.072442997,
17:44,98.811,92.1,6.711,,0.07286645,
17:45,99.616,94.6,5.016,,0.053023256,
17:46,99.746,94.6,5.146,,0.054397463,
17:47,100.021,94.6,5.421,,0.05730444,
17:48,100.235,94.6,5.635,,0.059566596,
17:49,100.259,94.6,5.659,,0.059820296,
17:50,100.082,95.4,4.682,,0.049077568,
17:51,99.62,95.4,4.22,,0.044234801,
17:53,100.457,95.4,5.057,,0.053008386,
17:54,100.384,95.4,4.984,,0.052243187,
17:55,101.393,96.5,4.893,,0.050704663,
17:56,102.256,96.5,5.756,,0.059647668,
17:57,102.483,96.5,5.983,,0.062,
17:58,102.658,96.5,6.158,,0.063813472,
17:59,104.269,96.5,7.769,,0.080507772,
18:00,105.079,96.3,8.779,,0.091163032,
18:01,104.293,96.3,7.993,,0.083001038,
18:02,104.015,96.3,7.715,,0.080114226,
18:03,103.655,96.3,7.355,,0.076375909,
18:04,102.389,96.3,6.089,,0.063229491,
18:05,101.452,93.6,7.852,,0.083888889,
18:06,101.017,93.6,7.417,,0.079241453,
18:07,101.2,93.6,7.6,,0.081196581,
18:08,100.86,93.6,7.26,,0.077564103,
18:09,100.361,93.6,6.761,,0.072232906,
18:11,100.048,92.7,7.348,,0.079266451,
18:12,100.307,92.7,7.607,,0.08206041,
18:13,99.945,92.7,7.245,,0.07815534,
18:14,99.197,92.7,6.497,,0.0700863,
18:15,99.527,93.3,6.227,,0.066741693,
18:16,99.841,93.3,6.541,,0.070107181,
18:17,99.905,93.3,6.605,,0.07079314,
18:18,99.739,93.3,6.439,,0.069013934,
18:19,100.282,93.3,6.982,,0.074833869,
18:20,100.404,93.7,6.704,,0.071547492,
18:21,99.975,93.7,6.275,,0.06696905,
18:22,99.498,93.7,5.798,,0.061878335,
18:23,100.002,93.7,6.302,,0.067257204,
18:24,100.604,93.7,6.904,,0.073681964,
18:25,101.035,96.6,4.435,,0.045910973,
18:26,100.748,96.6,4.148,,0.042939959,
18:28,99.895,96.6,3.295,,0.034109731,
18:29,99.274,96.6,2.674,,0.027681159,
18:30,98.519,93,5.519,,0.059344086,
18:31,98.332,93,5.332,,0.057333333,
18:32,98.217,93,5.217,,0.056096774,
18:33,98.315,93,5.315,,0.057150538,
18:34,98.775,93,5.775,,0.062096774,
18:35,98.538,93.1,5.438,,0.058410311,
18:36,98.822,93.1,5.722,,0.061460795,
18:37,99.128,93.1,6.028,,0.064747583,
18:38,99.361,93.1,6.261,,0.067250269,
18:39,98.563,93.1,5.463,,0.05867884,
18:40,97.393,91.2,6.193,,0.067905702,
18:41,96.739,91.2,5.539,,0.060734649,
18:42,96.855,91.2,5.655,,0.062006579,
18:43,96.832,91.2,5.632,,0.061754386,
18:45,95.729,89.9,5.829,,0.06483871,
18:46,95.399,89.9,5.499,,0.061167964,
18:47,95.405,89.9,5.505,,0.061234705,
18:48,95.302,89.9,5.402,,0.060088988,
18:49,94.928,89.9,5.028,,0.05592881,
18:50,94.494,89.7,4.794,,0.053444816,
18:51,94.769,89.7,5.069,,0.056510591,
18:52,94.665,89.7,4.965,,0.055351171,
18:53,94.509,89.7,4.809,,0.05361204,
18:54,94.11,89.7,4.41,,0.04916388,
18:55,94.147,89.1,5.047,,0.05664422,
18:56,94.144,89.1,5.044,,0.05661055,
18:57,94.33,89.1,5.23,,0.058698092,
18:58,94.209,89.1,5.109,,0.057340067,
18:59,93.941,89.1,4.841,,0.054332211,
19:00,93.821,88.2,5.621,,0.063730159,
19:02,93.835,88.2,5.635,,0.063888889,
19:03,94.802,88.2,6.602,,0.074852608,
19:04,95.652,88.2,7.452,,0.084489796,
19:05,94.899,86.9,7.999,,0.092048331,
19:06,93.471,86.9,6.571,,0.07561565,
19:07,93.201,86.9,6.301,,0.072508631,
19:08,93.346,86.9,6.446,,0.074177215,
19:09,93.29,86.9,6.39,,0.073532796,
19:10,93.502,85.9,7.602,,0.088498254,
19:11,93.392,85.9,7.492,,0.087217695,
19:12,93.361,85.9,7.461,,0.08685681,
19:13,93.365,85.9,7.465,,0.086903376,
19:14,93.392,85.9,7.492,,0.087217695,
19:15,92.309,85,7.309,,0.085988235,
19:16,91.062,85,6.062,,0.071317647,
19:17,90.244,85,5.244,,0.061694118,
19:19,89.135,85,4.135,,0.048647059,
19:20,88.638,83.6,5.038,,0.060263158,
19:21,88.244,83.6,4.644,,0.055550239,
19:22,87.864,83.6,4.264,,0.051004785,
19:23,87.509,83.6,3.909,,0.046758373,
19:24,87.3,83.6,3.7,,0.044258373,
19:25,86.969,82.7,4.269,,0.051620314,
19:26,86.597,82.7,3.897,,0.047122128,
19:27,86.453,82.7,3.753,,0.045380895,
19:28,86.443,82.7,3.743,,0.045259976,
19:29,86.503,82.7,3.803,,0.04598549,
19:30,86.621,81.9,4.721,,0.057643468,
19:31,86.402,81.9,4.502,,0.054969475,
19:32,86.329,81.9,4.429,,0.054078144,
19:33,86.554,81.9,4.654,,0.056825397,
19:34,86.877,81.9,4.977,,0.060769231,
19:36,86.889,82.7,4.189,,0.050652963,
19:37,86.723,82.7,4.023,,0.048645707,
19:38,86.593,82.7,3.893,,0.047073761,
19:39,86.355,82.7,3.655,,0.044195889,
19:40,85.952,81.4,4.552,,0.055921376,
19:41,85.695,81.4,4.295,,0.052764128,
19:42,85.638,81.4,4.238,,0.052063882,
19:43,85.952,81.4,4.552,,0.055921376,
19:44,86.669,81.4,5.269,,0.06472973,
19:45,86.982,80.5,6.482,,0.080521739,
19:46,85.586,80.5,5.086,,0.063180124,
19:47,84.768,80.5,4.268,,0.053018634,
19:48,84.556,80.5,4.056,,0.050385093,
19:49,84.334,80.5,3.834,,0.047627329,
19:50,84.106,79.4,4.706,,0.059269521,
19:51,83.946,79.4,4.546,,0.057254408,
19:52,83.717,79.4,4.317,,0.054370277,
19:54,83.434,79.4,4.034,,0.050806045,
19:55,83.531,78.6,4.931,,0.062735369,
19:56,83.706,78.6,5.106,,0.064961832,
19:57,83.707,78.6,5.107,,0.064974555,
19:58,83.21,78.6,4.61,,0.058651399,
19:59,83.009,78.6,4.409,,0.056094148,
20:00,83.445,78,5.445,,0.069807692,
20:01,83.777,78,5.777,,0.074064103,
20:02,84.209,78,6.209,,0.079602564,
20:03,90.218,78,12.218,,0.156641026,
20:04,107.504,78,29.504,,0.37825641,
20:05,91.553,77,14.553,,0.189,
20:06,83.896,77,6.896,,0.089558442,
20:07,83.053,77,6.053,,0.07861039,
20:08,82.936,77,5.936,,0.077090909,
20:09,83.371,77,6.371,,0.08274026,
20:10,84.765,76.7,8.065,,0.105149935,
20:12,103.616,76.7,26.916,,0.350925684,
20:13,120.028,76.7,43.328,,0.564902216,
20:14,120.166,76.7,43.466,,0.566701434,
20:15,120.166,76.1,44.066,,0.579053876,
20:16,120.166,76.1,44.066,,0.579053876,
20:17,120.166,76.1,44.066,,0.579053876,
20:18,120.166,76.1,44.066,,0.579053876,
20:19,120.166,76.1,44.066,,0.579053876,
20:20,120.156,75.7,44.456,,0.587265522,
20:21,119.765,75.7,44.065,,0.582100396,
20:22,116.66,75.7,40.96,,0.541083223,
20:23,114.61,75.7,38.91,,0.514002642,
20:24,112.085,75.7,36.385,,0.480647292,
20:25,106.752,75.1,31.652,,0.421464714,
20:26,102.526,75.1,27.426,,0.365193076,
20:27,100.985,75.1,25.885,,0.344673768,
20:29,113.359,75.1,38.259,,0.509440746,
20:30,120.139,74.4,45.739,,0.614771505,
20:31,120.166,74.4,45.766,,0.615134409,
20:32,118.021,74.4,43.621,,0.586303763,
20:33,115.478,74.4,41.078,,0.552123656,
20:34,119.908,74.4,45.508,,0.611666667,
20:35,120.166,73.9,46.266,,0.626062246,
20:36,120.166,73.9,46.266,,0.626062246,
20:37,120.166,73.9,46.266,,0.626062246,
20:38,120.166,73.9,46.266,,0.626062246,
20:39,120.166,73.9,46.266,,0.626062246,
20:40,120.166,73.4,46.766,,0.637138965,
20:41,118.716,73.4,45.316,,0.617384196,
20:42,97.545,73.4,24.145,,0.328950954,
20:43,89.206,73.4,15.806,,0.215340599,
20:44,89.279,73.4,15.879,,0.21633515,
20:45,88.386,73.3,15.086,,0.205811733,
20:46,86.009,73.3,12.709,,0.173383356,
20:48,82.545,73.3,9.245,,0.126125512,
20:49,82.063,73.3,8.763,,0.119549795,
20:50,82.484,72.9,9.584,,0.131467764,
20:51,84.422,72.9,11.522,,0.158052126,
20:52,86.841,72.9,13.941,,0.191234568,
20:53,87.938,72.9,15.038,,0.206282579,
20:54,87.922,72.9,15.022,,0.2060631,
20:55,87.924,72.7,15.224,,0.209408528,
20:56,87.982,72.7,15.282,,0.210206327,
20:57,87.847,72.7,15.147,,0.208349381,
20:58,87.59,72.7,14.89,,0.204814305,
20:59,87.182,72.7,14.482,,0.199202201,
21:00,86.8,72.4,14.4,,0.198895028,
21:01,86.417,72.4,14.017,,0.193604972,
21:02,86.034,72.4,13.634,,0.188314917,
21:03,85.97,72.4,13.57,,0.187430939,
21:04,85.951,72.4,13.551,,0.187168508,
21:06,84.934,72,12.934,,0.179638889,
21:07,82.875,72,10.875,,0.151041667,
21:08,80.685,72,8.685,,0.120625,
21:09,79.446,72,7.446,,0.103416667,
21:10,78.823,71.7,7.123,,0.099344491,
21:11,78.412,71.7,6.712,,0.093612273,
21:12,78.191,71.7,6.491,,0.090529986,
21:13,77.928,71.7,6.228,,0.086861925,
21:14,77.58,71.7,5.88,,0.082008368,
21:15,77.203,71.6,5.603,,0.07825419,
21:16,76.919,71.6,5.319,,0.074287709,
21:17,76.684,71.6,5.084,,0.071005587,
21:18,76.418,71.6,4.818,,0.067290503,
21:19,76.348,71.6,4.748,,0.066312849,
21:20,76.44,71.3,5.14,,0.072089762,
21:21,76.422,71.3,5.122,,0.071837307,
21:23,76.201,71.3,4.901,,0.068737728,
21:24,76.086,71.3,4.786,,0.067124825,
21:25,76.004,71.1,4.904,,0.068973277,
21:26,75.84,71.1,4.74,,0.066666667,
21:27,75.803,71.1,4.703,,0.066146273,
21:28,75.786,71.1,4.686,,0.065907173,
21:29,75.802,71.1,4.702,,0.066132208,
21:30,75.753,70.6,5.153,,0.072988669,
21:31,75.624,70.6,5.024,,0.071161473,
21:32,75.609,70.6,5.009,,0.070949008,
21:33,75.637,70.6,5.037,,0.071345609,
21:34,75.643,70.6,5.043,,0.071430595,
21:35,75.381,70.1,5.281,,0.075335235,
21:36,75.3,70.1,5.2,,0.074179743,
21:37,75.362,70.1,5.262,,0.075064194,
21:38,75.174,70.1,5.074,,0.072382311,
21:39,74.813,70.1,4.713,,0.067232525,
21:41,74.092,69.2,4.892,,0.070693642,
21:42,73.765,69.2,4.565,,0.065968208,
21:43,73.788,69.2,4.588,,0.066300578,
21:44,74.058,69.2,4.858,,0.070202312,
21:45,74.271,69.3,4.971,,0.071731602,
21:46,74.326,69.3,5.026,,0.072525253,
21:47,74.379,69.3,5.079,,0.073290043,
21:48,74.377,69.3,5.077,,0.073261183,
21:49,74.708,69.3,5.408,,0.078037518,
21:50,74.966,69,5.966,,0.086463768,
21:51,74.9,69,5.9,,0.085507246,
21:52,74.77,69,5.77,,0.083623188,
21:53,74.615,69,5.615,,0.081376812,
21:54,74.41,69,5.41,,0.078405797,
21:55,74.27,68.9,5.37,,0.077939042,
21:56,74.173,68.9,5.273,,0.076531205,
21:57,74.039,68.9,5.139,,0.074586357,
21:59,73.853,68.9,4.953,,0.071886792,
22:00,73.864,68.6,5.264,,0.076734694,
22:01,73.787,68.6,5.187,,0.075612245,
22:02,73.722,68.6,5.122,,0.074664723,
22:03,73.685,68.6,5.085,,0.074125364,
22:04,73.569,68.6,4.969,,0.072434402,
22:05,73.441,68.3,5.141,,0.075270864,
22:06,73.217,68.3,4.917,,0.071991215,
22:07,73.115,68.3,4.815,,0.070497804,
22:08,73.1,68.3,4.8,,0.070278184,
22:09,73.072,68.3,4.772,,0.069868228,
22:10,73.036,68.2,4.836,,0.070909091,
22:11,72.962,68.2,4.762,,0.069824047,
22:12,73.026,68.2,4.826,,0.070762463,
22:13,72.979,68.2,4.779,,0.070073314,
22:14,72.973,68.2,4.773,,0.069985337,
22:15,72.902,68,4.902,,0.072088235,
22:17,72.797,68,4.797,,0.070544118,
22:18,72.662,68,4.662,,0.068558824,
22:19,72.498,68,4.498,,0.066147059,
22:20,72.399,67.6,4.799,,0.070991124,
22:21,72.204,67.6,4.604,,0.068106509,
22:22,71.895,67.6,4.295,,0.063535503,
22:23,71.554,67.6,3.954,,0.058491124,
22:24,71.392,67.6,3.792,,0.056094675,
22:25,71.319,67.2,4.119,,0.061294643,
22:26,71.247,67.2,4.047,,0.060223214,
22:27,71.123,67.2,3.923,,0.058377976,
22:28,70.95,67.2,3.75,,0.055803571,
22:29,70.876,67.2,3.676,,0.054702381,
22:30,70.728,66.9,3.828,,0.057219731,
22:31,70.644,66.9,3.744,,0.055964126,
22:32,70.548,66.9,3.648,,0.054529148,
22:33,70.399,66.9,3.499,,0.052301943,
22:35,70.129,66.6,3.529,,0.052987988,
22:36,69.962,66.6,3.362,,0.05048048,
22:37,69.858,66.6,3.258,,0.048918919,
22:38,69.782,66.6,3.182,,0.047777778,
22:39,69.721,66.6,3.121,,0.046861862,
22:40,69.757,66.6,3.157,,0.047402402,
22:41,69.832,66.6,3.232,,0.048528529,
22:42,69.906,66.6,3.306,,0.04963964,
22:43,69.745,66.6,3.145,,0.047222222,
22:44,69.588,66.6,2.988,,0.044864865,
22:45,69.501,66,3.501,,0.053045455,
22:46,69.361,66,3.361,,0.050924242,
22:47,69.274,66,3.274,,0.049606061,
22:48,69.182,66,3.182,,0.048212121,
22:49,69.018,66,3.018,,0.045727273,
22:50,68.891,66,2.891,,0.04380303,
22:51,68.893,66,2.893,,0.043833333,
22:52,68.995,66,2.995,,0.045378788,
22:54,69.077,66,3.077,,0.046621212,
22:55,69.045,65.6,3.445,,0.052515244,
22:56,68.954,65.6,3.354,,0.051128049,
22:57,68.791,65.6,3.191,,0.048643293,
22:58,68.691,65.6,3.091,,0.047118902,
22:59,68.662,65.6,3.062,,0.046676829,
23:00,68.821,65.8,3.021,,0.045911854,
23:01,68.931,65.8,3.131,,0.047583587,
23:02,69.03,65.8,3.23,,0.049088146,
23:03,68.977,65.8,3.177,,0.048282675,
23:04,69.001,65.8,3.201,,0.048647416,
23:05,68.902,65.8,3.102,,0.047142857,
23:06,69.003,65.8,3.203,,0.048677812,
23:07,69.124,65.8,3.324,,0.050516717,
23:08,68.989,65.8,3.189,,0.048465046,
23:09,68.947,65.8,3.147,,0.047826748,
23:11,68.955,65.6,3.355,,0.051143293,
23:12,68.941,65.6,3.341,,0.050929878,
23:13,68.872,65.6,3.272,,0.049878049,
23:14,68.775,65.6,3.175,,0.04839939,
23:15,68.722,66.7,2.022,,0.030314843,
23:16,68.601,66.7,1.901,,0.02850075,
23:17,68.452,66.7,1.752,,0.026266867,
23:18,68.423,66.7,1.723,,0.025832084,
23:19,68.342,66.7,1.642,,0.024617691,
23:20,68.271,65,3.271,,0.050323077,
23:21,68.03,65,3.03,,0.046615385,
23:22,67.911,65,2.911,,0.044784615,
23:23,67.901,65,2.901,,0.044630769,
23:24,68.033,65,3.033,,0.046661538,
23:25,68.395,65.1,3.295,,0.050614439,
23:26,68.568,65.1,3.468,,0.053271889,
23:27,68.758,65.1,3.658,,0.056190476,
23:29,68.699,65.1,3.599,,0.055284178,
23:30,68.711,65.3,3.411,,0.052235835,
23:31,68.749,65.3,3.449,,0.052817764,
23:32,68.727,65.3,3.427,,0.052480858,
23:33,68.683,65.3,3.383,,0.051807044,
23:34,68.665,65.3,3.365,,0.051531394,
23:35,68.61,65.5,3.11,,0.047480916,
23:36,68.576,65.5,3.076,,0.046961832,
23:37,68.557,65.5,3.057,,0.046671756,
23:38,68.612,65.5,3.112,,0.04751145,
23:39,68.674,65.5,3.174,,0.048458015,
23:40,68.719,65.5,3.219,,0.049145038,
23:41,68.826,65.5,3.326,,0.050778626,
23:42,68.899,65.5,3.399,,0.05189313,
23:43,68.827,65.5,3.327,,0.050793893,
23:44,68.849,65.5,3.349,,0.051129771,
23:45,68.806,65.6,3.206,,0.048871951,
23:47,68.667,65.6,3.067,,0.046753049,
23:48,68.613,65.6,3.013,,0.045929878,
23:49,68.613,65.6,3.013,,0.045929878,
23:50,68.579,73.2,4.621,,0.067382143,
23:51,68.522,73.2,4.678,,0.068270045,
23:52,68.543,73.2,4.657,,0.067942751,
23:53,68.544,73.2,4.656,,0.067927171,
23:54,68.577,73.2,4.623,,0.067413273,
23:55,68.742,65.7,3.042,,0.04630137,
23:56,68.867,65.7,3.167,,0.048203957,
23:57,69.08,65.7,3.38,,0.051445967,
23:58,69.125,65.7,3.425,,0.052130898,
23:59,69.015,65.7,3.315,,0.050456621,
,,,,,,
,,,,,,
,,,,,,
,,,,,,
,,,,,,
,,,,,,
,,,,,,
,,,,,,
,,,,,,
,,,,,,
,,,,,,
,,,,,,
,,,,,,
,,,,,,
,,,,,,
,,,,,,
,,,,,,
,,,,,,
,,,,,,
,,,,,,
,,,,,,
,,,,,,
,,,,,,
,,,,,,
,,,,,,
,,,,,,
,,,,,,
,,,,,,
,,,,,,
,,,,,,
,,,,,,
,,,,,,
,,,,,,
,,,,,,
,,,,,,
,,,,,,
,,,,,,
,,,,,,
,,,,,,
,,,,,,
,,,,,,
,,,,,,
,,,,,,
,,,,,,
,,,,,,
,,,,,,
,,,,,,
,,,,,,
,,,,,,
,,,,,,
,,,,,,
,,,,,,
,,,,,,
,,,,,,
,,,,,,
,,,,,,
,,,,,,
,,,,,,
,,,,,,
,,,,,,
,,,,,,
,,,,,,
,,,,,,
,,,,,,
,,,,,,
,,,,,,
,,,,,,
,,,,,,
,,,,,,
,,,,,,
,,,,,,
,,,,,,
,,,,,,
,,,,,,
,,,,,,
,,,,,,
,,,,,,
,,,,,,
,,,,,,
,,,,,,
,,,,,,
,,,,,,
,,,,,,
,,,,,,
,,,,,,
,,,,,,
,,,,,,
,,,,,,
,,,,,,
,,,,,,
,,,,,,
,,,,,,
,,,,,,
,,,,,,
,,,,,,
,,,,,,
,,,,,,
,,,,,,
,,,,,,
,,,,,,
,,,,,,
,,,,,,
,,,,,,
,,,,,,
,,,,,,
,,,,,,
,,,,,,
,,,,,,
,,,,,,
,,,,,,
,,,,,,
,,,,,,
,,,,,,
,,,,,,
,,,,,,
,,,,,,
,,,,,,
,,,,,,
,,,,,,
,,,,,,
,,,,,,
,,,,,,
,,,,,,
,,,,,,
,,,,,,
,,,,,,
,,,,,,
,,,,,,
,,,,,,
,,,,,,
,,,,,,
,,,,,,
,,,,,,
,,,,,,
,,,,,,
,,,,,,
,,,,,,
,,,,,,
,,,,,,
,,,,,,
,,,,,,
,,,,,,
,,,,,,
,,,,,,
,,,,,,
,,,,,,
,,,,,,
,,,,,,
,,,,,,
,,,,,,
,,,,,,
,,,,,,
,,,,,,
,,,,,,
,,,,,,
,,,,,,
,,,,,,
,,,,,,
,,,,,,
,,,,,,
,,,,,,
,,,,,,
,,,,,,
,,,,,,
,,,,,,
,,,,,,
,,,,,,
,,,,,,
,,,,,,
,,,,,,
,,,,,,
,,,,,,
,,,,,,
,,,,,,
,,,,,,
,,,,,,
,,,,,,
,,,,,,
,,,,,,
,,,,,,
,,,,,,
,,,,,,
,,,,,,
,,,,,,
,,,,,,
,,,,,,
,,,,,,
,,,,,,
,,,,,,
,,,,,,
,,,,,,
,,,,,,
,,,,,,
,,,,,,
,,,,,,
,,,,,,
,,,,,,
,,,,,,
,,,,,,
,,,,,,
,,,,,,
,,,,,,
,,,,,,
,,,,,,
,,,,,,
,,,,,,
,,,,,,
,,,,,,
,,,,,,
,,,,,,
,,,,,,
,,,,,,
,,,,,,
,,,,,,
,,,,,,
,,,,,,
,,,,,,
,,,,,,
,,,,,,
,,,,,,
,,,,,,
,,,,,,
,,,,,,
,,,,,,
,,,,,,
,,,,,,
,,,,,,
,,,,,,
,,,,,,
,,,,,,
,,,,,,
,,,,,,
,,,,,,
,,,,,,
,,,,,,
,,,,,,
,,,,,,
,,,,,,
,,,,,,
,,,,,,
,,,,,,
,,,,,,
,,,,,,
,,,,,,
,,,,,,
,,,,,,
,,,,,,
,,,,,,
,,,,,,
,,,,,,
,,,,,,
,,,,,,
,,,,,,
,,,,,,
,,,,,,
,,,,,,
,,,,,,
,,,,,,
,,,,,,
,,,,,,
,,,,,,
,,,,,,
,,,,,,
,,,,,,
,,,,,,
,,,,,,
,,,,,,
,,,,,,
,,,,,,
,,,,,,
,,,,,,
,,,,,,
,,,,,,
,,,,,,
,,,,,,
,,,,,,
,,,,,,
,,,,,,
,,,,,,
,,,,,,
,,,,,,
,,,,,,
,,,,,,
,,,,,,
,,,,,,
,,,,,,
,,,,,,
,,,,,,
,,,,,,
,,,,,,
,,,,,,
,,,,,,
,,,,,,
,,,,,,
,,,,,,
,,,,,,
,,,,,,
,,,,,,
,,,,,,
,,,,,,
,,,,,,
,,,,,,
,,,,,,
,,,,,,
,,,,,,
,,,,,,
,,,,,,
,,,,,,
,,,,,,
,,,,,,
,,,,,,
,,,,,,
,,,,,,
,,,,,,
,,,,,,
,,,,,,
,,,,,,
,,,,,,
,,,,,,
,,,,,,
,,,,,,
,,,,,,
,,,,,,
,,,,,,
,,,,,,
,,,,,,
,,,,,,
,,,,,,
,,,,,,
,,,,,,
,,,,,,
,,,,,,
,,,,,,
,,,,,,
,,,,,,
,,,,,,
,,,,,,
,,,,,,
,,,,,,
,,,,,,
,,,,,,
,,,,,,
,,,,,,
,,,,,,
,,,,,,
,,,,,,
,,,,,,
,,,,,,
,,,,,,
,,,,,,
,,,,,,
,,,,,,
,,,,,,
,,,,,,
,,,,,,
,,,,,,
,,,,,,
,,,,,,
,,,,,,
,,,,,,
,,,,,,
,,,,,,
,,,,,,
,,,,,,
,,,,,,
,,,,,,
,,,,,,
,,,,,,
,,,,,,
,,,,,,
,,,,,,
,,,,,,
,,,,,,
,,,,,,
,,,,,,
,,,,,,
,,,,,,
,,,,,,
,,,,,,
,,,,,,
,,,,,,
,,,,,,
,,,,,,
,,,,,,
,,,,,,
,,,,,,
,,,,,,
,,,,,,
,,,,,,
,,,,,,
,,,,,,
,,,,,,
,,,,,,
,,,,,,
,,,,,,
,,,,,,
,,,,,,
,,,,,,
,,,,,,
,,,,,,
,,,,,,
,,,,,,
,,,,,,
,,,,,,
,,,,,,
,,,,,,
,,,,,,
,,,,,,
,,,,,,
,,,,,,
,,,,,,
,,,,,,
,,,,,,
,,,,,,
,,,,,,
,,,,,,
,,,,,,
,,,,,,
,,,,,,
,,,,,,
,,,,,,
,,,,,,
,,,,,,
,,,,,,
,,,,,,
,,,,,,
,,,,,,
,,,,,,
,,,,,,
,,,,,,
,,,,,,
,,,,,,
,,,,,,
,,,,,,
,,,,,,
,,,,,,
,,,,,,
,,,,,,
,,,,,,
,,,,,,
,,,,,,
,,,,,,
,,,,,,
,,,,,,
,,,,,,
,,,,,,
,,,,,,
,,,,,,
,,,,,,
,,,,,,
,,,,,,
,,,,,,
,,,,,,
,,,,,,
,,,,,,
,,,,,,
,,,,,,
,,,,,,
,,,,,,
,,,,,,
,,,,,,
,,,,,,
,,,,,,
,,,,,,
,,,,,,
,,,,,,
,,,,,,
,,,,,,
,,,,,,
,,,,,,
,,,,,,
,,,,,,
,,,,,,
,,,,,,
,,,,,,
,,,,,,
,,,,,,
,,,,,,
,,,,,,
,,,,,,
,,,,,,
,,,,,,
,,,,,,
,,,,,,
,,,,,,
,,,,,,
,,,,,,
,,,,,,
,,,,,,
,,,,,,
,,,,,,
,,,,,,
,,,,,,
,,,,,,
,,,,,,
,,,,,,
,,,,,,
,,,,,,
,,,,,,
,,,,,,
,,,,,,
,,,,,,
,,,,,,
,,,,,,
,,,,,,
,,,,,,
,,,,,,
,,,,,,
,,,,,,
,,,,,,
,,,,,,
,,,,,,
,,,,,,
,,,,,,
,,,,,,
,,,,,,
,,,,,,
,,,,,,
,,,,,,
,,,,,,
,,,,,,
,,,,,,
,,,,,,
,,,,,,
,,,,,,
,,,,,,
,,,,,,
,,,,,,
,,,,,,
,,,,,,
,,,,,,
,,,,,,
,,,,,,
,,,,,,
,,,,,,
,,,,,,
,,,,,,
,,,,,,
,,,,,,
,,,,,,
,,,,,,
,,,,,,
,,,,,,
,,,,,,
,,,,,,
,,,,,,
,,,,,,
,,,,,,
,,,,,,
,,,,,,
,,,,,,
,,,,,,
,,,,,,
,,,,,,
,,,,,,
,,,,,,
,,,,,,
,,,,,,
,,,,,,
,,,,,,
,,,,,,
,,,,,,
,,,,,,
,,,,,,
,,,,,,
,,,,,,
,,,,,,
,,,,,,
,,,,,,
,,,,,,
,,,,,,
,,,,,,
,,,,,,
,,,,,,
,,,,,,
,,,,,,
,,,,,,
,,,,,,
,,,,,,
,,,,,,
,,,,,,
,,,,,,
,,,,,,
,,,,,,
,,,,,,
,,,,,,
,,,,,,
,,,,,,
,,,,,,
,,,,,,
,,,,,,
,,,,,,
,,,,,,
,,,,,,
,,,,,,
,,,,,,
,,,,,,
,,,,,,
,,,,,,
,,,,,,
,,,,,,
,,,,,,
,,,,,,
,,,,,,
,,,,,,
,,,,,,
,,,,,,
,,,,,,
,,,,,,
,,,,,,
,,,,,,
,,,,,,
,,,,,,
,,,,,,
,,,,,,
,,,,,,
,,,,,,
,,,,,,
,,,,,,
,,,,,,
,,,,,,
,,,,,,
,,,,,,
,,,,,,
,,,,,,
,,,,,,
,,,,,,
,,,,,,
,,,,,,
,,,,,,
,,,,,,
,,,,,,
,,,,,,
,,,,,,
,,,,,,
,,,,,,
,,,,,,
,,,,,,
,,,,,,
,,,,,,
,,,,,,
,,,,,,
,,,,,,
,,,,,,
,,,,,,
,,,,,,
,,,,,,
,,,,,,
,,,,,,
,,,,,,
,,,,,,
,,,,,,
,,,,,,
,,,,,,
,,,,,,
,,,,,,
,,,,,,
,,,,,,
,,,,,,
,,,,,,
,,,,,,
,,,,,,
,,,,,,
,,,,,,
,,,,,,
,,,,,,
,,,,,,
,,,,,,
,,,,,,
,,,,,,
,,,,,,
,,,,,,
,,,,,,
,,,,,,
,,,,,,
,,,,,,
,,,,,,
,,,,,,
,,,,,,
,,,,,,
,,,,,,
,,,,,,
,,,,,,
,,,,,,
,,,,,,
,,,,,,
,,,,,,
,,,,,,
,,,,,,
,,,,,,
,,,,,,
,,,,,,
,,,,,,
,,,,,,
,,,,,,
,,,,,,
,,,,,,
,,,,,,
,,,,,,
,,,,,,
,,,,,,
,,,,,,
,,,,,,
,,,,,,
,,,,,,
,,,,,,
,,,,,,
,,,,,,
,,,,,,
,,,,,,
,,,,,,
,,,,,,
,,,,,,
,,,,,,
,,,,,,
,,,,,,
,,,,,,
,,,,,,
,,,,,,
,,,,,,
,,,,,,
,,,,,,
,,,,,,
,,,,,,
,,,,,,
,,,,,,
,,,,,,
,,,,,,
,,,,,,
,,,,,,
,,,,,,
,,,,,,
,,,,,,
,,,,,,
,,,,,,
,,,,,,
,,,,,,
,,,,,,
,,,,,,
,,,,,,
,,,,,,
,,,,,,
,,,,,,
,,,,,,
,,,,,,
,,,,,,
,,,,,,
,,,,,,
,,,,,,
,,,,,,
,,,,,,
,,,,,,
,,,,,,
,,,,,,
,,,,,,
,,,,,,
,,,,,,
,,,,,,
,,,,,,
,,,,,,
,,,,,,
,,,,,,
,,,,,,
,,,,,,
,,,,,,
,,,,,,
,,,,,,
,,,,,,
,,,,,,
,,,,,,
,,,,,,
,,,,,,
,,,,,,
,,,,,,
,,,,,,
,,,,,,
,,,,,,
,,,,,,
,,,,,,
,,,,,,
,,,,,,
,,,,,,
,,,,,,
,,,,,,
,,,,,,
,,,,,,
,,,,,,
,,,,,,
,,,,,,
,,,,,,
,,,,,,
,,,,,,
,,,,,,
,,,,,,
,,,,,,
,,,,,,
,,,,,,
,,,,,,
,,,,,,
,,,,,,
,,,,,,
,,,,,,
,,,,,,
,,,,,,
,,,,,,
,,,,,,
,,,,,,
,,,,,,
,,,,,,
,,,,,,
,,,,,,
,,,,,,
,,,,,,
,,,,,,
,,,,,,
,,,,,,
,,,,,,
,,,,,,
,,,,,,
,,,,,,
,,,,,,
,,,,,,
,,,,,,
,,,,,,
,,,,,,
,,,,,,
,,,,,,
,,,,,,
,,,,,,
,,,,,,
,,,,,,
,,,,,,
,,,,,,
,,,,,,
,,,,,,
,,,,,,
,,,,,,
,,,,,,
,,,,,,
,,,,,,
,,,,,,
,,,,,,
,,,,,,
,,,,,,
,,,,,,
,,,,,,
,,,,,,
,,,,,,
,,,,,,
,,,,,,
,,,,,,
,,,,,,
,,,,,,
,,,,,,
,,,,,,
,,,,,,
,,,,,,
,,,,,,
,,,,,,
,,,,,,
,,,,,,
,,,,,,
,,,,,,
,,,,,,
,,,,,,
,,,,,,
,,,,,,
,,,,,,
,,,,,,
,,,,,,
,,,,,,
,,,,,,
,,,,,,
,,,,,,
,,,,,,
,,,,,,
,,,,,,
,,,,,,
,,,,,,
,,,,,,
,,,,,,
,,,,,,
,,,,,,
,,,,,,
,,,,,,
,,,,,,
,,,,,,
,,,,,,
,,,,,,
,,,,,,
,,,,,,
,,,,,,
,,,,,,
,,,,,,
,,,,,,
,,,,,,
,,,,,,
,,,,,,
,,,,,,
,,,,,,
,,,,,,
,,,,,,
,,,,,,
,,,,,,
,,,,,,
,,,,,,
,,,,,,
,,,,,,
,,,,,,
,,,,,,
,,,,,,
,,,,,,
,,,,,,
,,,,,,
,,,,,,
,,,,,,
,,,,,,
,,,,,,
,,,,,,
,,,,,,
,,,,,,
,,,,,,
,,,,,,
,,,,,,
,,,,,,
,,,,,,
,,,,,,
,,,,,,
,,,,,,
,,,,,,
,,,,,,
,,,,,,
,,,,,,
,,,,,,
,,,,,,
,,,,,,
,,,,,,
,,,,,,
,,,,,,
,,,,,,
,,,,,,
,,,,,,
,,,,,,
,,,,,,
,,,,,,
,,,,,,
,,,,,,
,,,,,,
,,,,,,
,,,,,,
,,,,,,
,,,,,,
,,,,,,
,,,,,,
,,,,,,
,,,,,,
,,,,,,
,,,,,,
,,,,,,
,,,,,,
,,,,,,
,,,,,,
,,,,,,
,,,,,,
,,,,,,
,,,,,,
,,,,,,
,,,,,,
,,,,,,
,,,,,,
,,,,,,
,,,,,,
,,,,,,
,,,,,,
,,,,,,
,,,,,,
,,,,,,
,,,,,,
,,,,,,
,,,,,,
,,,,,,
,,,,,,
,,,,,,
,,,,,,
,,,,,,
,,,,,,
,,,,,,
,,,,,,
,,,,,,
,,,,,,
,,,,,,
,,,,,,
,,,,,,
,,,,,,
,,,,,,
,,,,,,
,,,,,,
,,,,,,
,,,,,,
,,,,,,
,,,,,,
,,,,,,
,,,,,,
,,,,,,
,,,,,,
,,,,,,
,,,,,,
,,,,,,
,,,,,,
,,,,,,
,,,,,,
,,,,,,
,,,,,,
,,,,,,
,,,,,,
,,,,,,
,,,,,,
,,,,,,
,,,,,,
,,,,,,
,,,,,,
,,,,,,
,,,,,,
,,,,,,
,,,,,,
,,,,,,
,,,,,,
,,,,,,
,,,,,,
,,,,,,
,,,,,,
,,,,,,
,,,,,,
,,,,,,
,,,,,,
,,,,,,
,,,,,,
,,,,,,
,,,,,,
,,,,,,
,,,,,,
,,,,,,
,,,,,,
,,,,,,
,,,,,,
,,,,,,
,,,,,,
,,,,,,
,,,,,,
,,,,,,
,,,,,,
,,,,,,
,,,,,,
,,,,,,
,,,,,,
,,,,,,
,,,,,,
,,,,,,
,,,,,,
,,,,,,
,,,,,,
,,,,,,
,,,,,,
,,,,,,
,,,,,,
,,,,,,
,,,,,,
,,,,,,
,,,,,,
,,,,,,
,,,,,,
,,,,,,
,,,,,,
,,,,,,
,,,,,,
,,,,,,
,,,,,,
,,,,,,
,,,,,,
,,,,,,
,,,,,,
,,,,,,
,,,,,,
,,,,,,
,,,,,,
,,,,,,
,,,,,,
,,,,,,
,,,,,,
,,,,,,
,,,,,,
,,,,,,
,,,,,,
,,,,,,
,,,,,,
,,,,,,
,,,,,,
,,,,,,
,,,,,,
,,,,,,
,,,,,,
,,,,,,
,,,,,,
,,,,,,
,,,,,,
,,,,,,
,,,,,,
,,,,,,
,,,,,,
,,,,,,
,,,,,,
,,,,,,
,,,,,,
,,,,,,
,,,,,,
,,,,,,
,,,,,,
,,,,,,
,,,,,,
,,,,,,
,,,,,,
,,,,,,
,,,,,,
,,,,,,
,,,,,,
,,,,,,
,,,,,,
,,,,,,
,,,,,,
,,,,,,
,,,,,,
,,,,,,
,,,,,,
,,,,,,
,,,,,,
,,,,,,
,,,,,,
,,,,,,
,,,,,,
,,,,,,
,,,,,,
,,,,,,
,,,,,,
,,,,,,
,,,,,,
,,,,,,
,,,,,,
,,,,,,
,,,,,,
,,,,,,
,,,,,,
,,,,,,
,,,,,,
,,,,,,
,,,,,,
,,,,,,
,,,,,,
,,,,,,
,,,,,,
,,,,,,
,,,,,,
,,,,,,
,,,,,,
,,,,,,
,,,,,,
,,,,,,
,,,,,,
,,,,,,
,,,,,,
,,,,,,
,,,,,,
,,,,,,
,,,,,,
,,,,,,
,,,,,,
,,,,,,
,,,,,,
,,,,,,
,,,,,,
,,,,,,
,,,,,,
,,,,,,
,,,,,,
,,,,,,
,,,,,,
,,,,,,
,,,,,,
,,,,,,
,,,,,,
,,,,,,
,,,,,,
,,,,,,
,,,,,,
,,,,,,
,,,,,,
,,,,,,
,,,,,,
,,,,,,
,,,,,,
,,,,,,
,,,,,,
,,,,,,
,,,,,,
,,,,,,
,,,,,,
,,,,,,
,,,,,,
,,,,,,
,,,,,,
,,,,,,
,,,,,,
,,,,,,
,,,,,,
,,,,,,
,,,,,,
,,,,,,
,,,,,,
,,,,,,
,,,,,,
,,,,,,
,,,,,,
,,,,,,
,,,,,,
,,,,,,
,,,,,,
,,,,,,
,,,,,,
,,,,,,
,,,,,,
,,,,,,
,,,,,,
,,,,,,
,,,,,,
,,,,,,
,,,,,,
,,,,,,
,,,,,,
,,,,,,
,,,,,,
,,,,,,
,,,,,,
,,,,,,
,,,,,,
,,,,,,
,,,,,,
,,,,,,
,,,,,,
,,,,,,
,,,,,,
,,,,,,
,,,,,,
,,,,,,
,,,,,,
,,,,,,
,,,,,,
,,,,,,
,,,,,,
,,,,,,
,,,,,,
,,,,,,
,,,,,,
,,,,,,
,,,,,,
,,,,,,
,,,,,,
,,,,,,
,,,,,,
,,,,,,
,,,,,,
,,,,,,
,,,,,,
,,,,,,
,,,,,,
,,,,,,
,,,,,,
,,,,,,
,,,,,,
,,,,,,
,,,,,,
,,,,,,
,,,,,,
,,,,,,
,,,,,,
,,,,,,
,,,,,,
,,,,,,
,,,,,,
,,,,,,
,,,,,,
,,,,,,
,,,,,,
,,,,,,
,,,,,,
,,,,,,
,,,,,,
,,,,,,
,,,,,,
,,,,,,
,,,,,,
,,,,,,
,,,,,,
,,,,,,
,,,,,,
,,,,,,
,,,,,,
,,,,,,
,,,,,,
,,,,,,
,,,,,,
,,,,,,
,,,,,,
,,,,,,
,,,,,,
,,,,,,
,,,,,,
,,,,,,
,,,,,,
,,,,,,
,,,,,,
,,,,,,
,,,,,,
,,,,,,
,,,,,,
,,,,,,
,,,,,,
,,,,,,
,,,,,,
,,,,,,
,,,,,,
,,,,,,
,,,,,,
,,,,,,
,,,,,,
,,,,,,
,,,,,,
,,,,,,
,,,,,,
,,,,,,
,,,,,,
,,,,,,
,,,,,,
,,,,,,
,,,,,,
,,,,,,
,,,,,,
,,,,,,
,,,,,,
,,,,,,
,,,,,,
,,,,,,
,,,,,,
,,,,,,
,,,,,,
,,,,,,
,,,,,,
,,,,,,
,,,,,,
,,,,,,
,,,,,,
,,,,,,
,,,,,,
,,,,,,
,,,,,,
,,,,,,
,,,,,,
,,,,,,
,,,,,,
,,,,,,
,,,,,,
,,,,,,
,,,,,,
,,,,,,
,,,,,,
,,,,,,
,,,,,,
,,,,,,
,,,,,,
,,,,,,
,,,,,,
,,,,,,
,,,,,,
,,,,,,
,,,,,,
,,,,,,
,,,,,,
,,,,,,
,,,,,,
,,,,,,
,,,,,,
,,,,,,
,,,,,,
,,,,,,
,,,,,,
,,,,,,
,,,,,,
,,,,,,
,,,,,,
,,,,,,
,,,,,,
,,,,,,
,,,,,,
,,,,,,
,,,,,,
,,,,,,
,,,,,,
,,,,,,
,,,,,,
,,,,,,
,,,,,,
,,,,,,
,,,,,,
,,,,,,
,,,,,,
,,,,,,
,,,,,,
,,,,,,
,,,,,,
,,,,,,
,,,,,,
,,,,,,
,,,,,,
,,,,,,
,,,,,,
,,,,,,
,,,,,,
,,,,,,
,,,,,,
,,,,,,
,,,,,,
,,,,,,
,,,,,,
,,,,,,
,,,,,,
,,,,,,
,,,,,,
,,,,,,
,,,,,,
,,,,,,
,,,,,,
23:59,,,,,,